ID,Nome,WhatsApp,Link_Conversa_WhatsApp,Endereço,Bairro,Cidade_UF,Categoria,Nota_Google,Qtd_Avaliacoes,Possui_Site,Link_Google_Maps
1,Bezerrão churrascaria e pizzaria,(31) 99831-1567,https://wa.me/5531998311567?text=Ol%C3%A1%2C%20tudo%20bem%3F%20Meu%20nome%20%C3%A9%20Leonardo%2C%20trabalho%20com%20cria%C3%A7%C3%A3o%20de%20sites%20e%20card%C3%A1pios%20digitais%20para%20churrascarias.%0A%0AEstava%20no%20Google%20Maps%20e%20vi%20que%20a%20Bezerr%C3%A3o%20churrascaria%20e%20pizzaria%20tem%20uma%20excelente%20avalia%C3%A7%C3%A3o%20%284.7%20%E2%98%85%20com%2011676%20avalia%C3%A7%C3%B5es%21%29%2C%20mas%20notei%20que%20voc%C3%AAs%20ainda%20n%C3%A3o%20possuem%20um%20site%20pr%C3%B3prio%20nem%20card%C3%A1pio%20interativo%20na%20bio%20do%20Instagram.%0A%0AHoje%20muitos%20clientes%20pesquisam%20no%20Google%20antes%20de%20sair%20para%20almo%C3%A7ar%20ou%20pedir%20delivery.%20Trabalho%20com%202%20op%C3%A7%C3%B5es%20bem%20pr%C3%A1ticas%20para%20restaurantes%3A%0A%0A1.%20%F0%9F%93%B1%20Card%C3%A1pio%20Digital%20no%20WhatsApp%20%28o%20cliente%20monta%20o%20pedido%20e%20envia%20pronto%20direto%20pro%20seu%20WhatsApp%20-%20op%C3%A7%C3%A3o%20mais%20econ%C3%B4mica%29.%0A2.%20%F0%9F%92%B3%20Site%20Completo%20com%20Pagamento%20Online%20%28o%20cliente%20faz%20o%20pedido%20e%20realiza%20o%20pagamento%20direto%20pelo%20site%29.%0A%0APosso%20te%20explicar%20rapidinho%20como%20funciona%20e%20te%20passar%20os%20valores%20sem%20compromisso%3F,"Av. Princesa Isabel, 331 - São Joaquim, Contagem - MG, 32110-005",São Joaquim,Contagem - MG,Restaurante,4.7,11676,Não,https://www.google.com/maps/place/?q=place_id:ChIJ8wIXkp6TpgARLlN5bYqbpM0
2,Gauchitos Grill,(11) 94229-1507,https://wa.me/5511942291507?text=Ol%C3%A1%2C%20tudo%20bem%3F%20Meu%20nome%20%C3%A9%20Leonardo%2C%20trabalho%20com%20cria%C3%A7%C3%A3o%20de%20sites%20e%20card%C3%A1pios%20digitais%20para%20churrascarias.%0A%0AEstava%20no%20Google%20Maps%20e%20vi%20que%20a%20Gauchitos%20Grill%20tem%20uma%20excelente%20avalia%C3%A7%C3%A3o%20%284.5%20%E2%98%85%20com%203272%20avalia%C3%A7%C3%B5es%21%29%2C%20mas%20notei%20que%20voc%C3%AAs%20ainda%20n%C3%A3o%20possuem%20um%20site%20pr%C3%B3prio%20nem%20card%C3%A1pio%20interativo%20na%20bio%20do%20Instagram.%0A%0AHoje%20muitos%20clientes%20pesquisam%20no%20Google%20antes%20de%20sair%20para%20almo%C3%A7ar%20ou%20pedir%20delivery.%20Trabalho%20com%202%20op%C3%A7%C3%B5es%20bem%20pr%C3%A1ticas%20para%20restaurantes%3A%0A%0A1.%20%F0%9F%93%B1%20Card%C3%A1pio%20Digital%20no%20WhatsApp%20%28o%20cliente%20monta%20o%20pedido%20e%20envia%20pronto%20direto%20pro%20seu%20WhatsApp%20-%20op%C3%A7%C3%A3o%20mais%20econ%C3%B4mica%29.%0A2.%20%F0%9F%92%B3%20Site%20Completo%20com%20Pagamento%20Online%20%28o%20cliente%20faz%20o%20pedido%20e%20realiza%20o%20pagamento%20direto%20pelo%20site%29.%0A%0APosso%20te%20explicar%20rapidinho%20como%20funciona%20e%20te%20passar%20os%20valores%20sem%20compromisso%3F,"Av. São Camilo, 397 - Granja Viana, Cotia - SP, 06709-150",Granja Viana,Cotia - SP,Restaurante brasileiro,4.5,3272,Não,https://www.google.com/maps/place/?q=place_id:ChIJR6VtJqirz5QREfdOspY2iS8
3,Sela de Prata,(11) 99368-6960,https://wa.me/5511993686960?text=Ol%C3%A1%2C%20tudo%20bem%3F%20Meu%20nome%20%C3%A9%20Leonardo%2C%20trabalho%20com%20cria%C3%A7%C3%A3o%20de%20sites%20e%20card%C3%A1pios%20digitais%20para%20churrascarias.%0A%0AEstava%20no%20Google%20Maps%20e%20vi%20que%20a%20Sela%20de%20Prata%20tem%20uma%20excelente%20avalia%C3%A7%C3%A3o%20%284.2%20%E2%98%85%20com%202331%20avalia%C3%A7%C3%B5es%21%29%2C%20mas%20notei%20que%20voc%C3%AAs%20ainda%20n%C3%A3o%20possuem%20um%20site%20pr%C3%B3prio%20nem%20card%C3%A1pio%20interativo%20na%20bio%20do%20Instagram.%0A%0AHoje%20muitos%20clientes%20pesquisam%20no%20Google%20antes%20de%20sair%20para%20almo%C3%A7ar%20ou%20pedir%20delivery.%20Trabalho%20com%202%20op%C3%A7%C3%B5es%20bem%20pr%C3%A1ticas%20para%20restaurantes%3A%0A%0A1.%20%F0%9F%93%B1%20Card%C3%A1pio%20Digital%20no%20WhatsApp%20%28o%20cliente%20monta%20o%20pedido%20e%20envia%20pronto%20direto%20pro%20seu%20WhatsApp%20-%20op%C3%A7%C3%A3o%20mais%20econ%C3%B4mica%29.%0A2.%20%F0%9F%92%B3%20Site%20Completo%20com%20Pagamento%20Online%20%28o%20cliente%20faz%20o%20pedido%20e%20realiza%20o%20pagamento%20direto%20pelo%20site%29.%0A%0APosso%20te%20explicar%20rapidinho%20como%20funciona%20e%20te%20passar%20os%20valores%20sem%20compromisso%3F,"Av. Prof. Pedro Clarismundo Fornari, 45 - Engordadouro, Jundiaí - SP, 13214-660",Engordadouro,Jundiaí - SP,"Churrascaria, Restaurante self-service, Pizzaria, Restaurante de carne",4.2,2331,Não,https://www.google.com/maps/place/?q=place_id:ChIJ-VuplfAlz5QRicvGBHN9a-Q
4,Espeto da Esquina | Bar,(31) 98592-3880,https://wa.me/5531985923880?text=Ol%C3%A1%2C%20tudo%20bem%3F%20Meu%20nome%20%C3%A9%20Leonardo%2C%20trabalho%20com%20cria%C3%A7%C3%A3o%20de%20sites%20e%20card%C3%A1pios%20digitais%20para%20churrascarias.%0A%0AEstava%20no%20Google%20Maps%20e%20vi%20que%20a%20Espeto%20da%20Esquina%20%7C%20Bar%20tem%20uma%20excelente%20avalia%C3%A7%C3%A3o%20%284.5%20%E2%98%85%20com%202192%20avalia%C3%A7%C3%B5es%21%29%2C%20mas%20notei%20que%20voc%C3%AAs%20ainda%20n%C3%A3o%20possuem%20um%20site%20pr%C3%B3prio%20nem%20card%C3%A1pio%20interativo%20na%20bio%20do%20Instagram.%0A%0AHoje%20muitos%20clientes%20pesquisam%20no%20Google%20antes%20de%20sair%20para%20almo%C3%A7ar%20ou%20pedir%20delivery.%20Trabalho%20com%202%20op%C3%A7%C3%B5es%20bem%20pr%C3%A1ticas%20para%20restaurantes%3A%0A%0A1.%20%F0%9F%93%B1%20Card%C3%A1pio%20Digital%20no%20WhatsApp%20%28o%20cliente%20monta%20o%20pedido%20e%20envia%20pronto%20direto%20pro%20seu%20WhatsApp%20-%20op%C3%A7%C3%A3o%20mais%20econ%C3%B4mica%29.%0A2.%20%F0%9F%92%B3%20Site%20Completo%20com%20Pagamento%20Online%20%28o%20cliente%20faz%20o%20pedido%20e%20realiza%20o%20pagamento%20direto%20pelo%20site%29.%0A%0APosso%20te%20explicar%20rapidinho%20como%20funciona%20e%20te%20passar%20os%20valores%20sem%20compromisso%3F,"R. Bom Despacho - Santa Tereza, Belo Horizonte - MG, 31010-390",Santa Tereza,Belo Horizonte - MG,Bar,4.5,2192,Não,https://www.google.com/maps/place/?q=place_id:ChIJccv0jCiapgARU1bsycy6vyc
5,Churrasfão Espetinhos,(11) 98329-5637,https://wa.me/5511983295637?text=Ol%C3%A1%2C%20tudo%20bem%3F%20Meu%20nome%20%C3%A9%20Leonardo%2C%20trabalho%20com%20cria%C3%A7%C3%A3o%20de%20sites%20e%20card%C3%A1pios%20digitais%20para%20churrascarias.%0A%0AEstava%20no%20Google%20Maps%20e%20vi%20que%20a%20Churrasf%C3%A3o%20Espetinhos%20tem%20uma%20excelente%20avalia%C3%A7%C3%A3o%20%284.6%20%E2%98%85%20com%201969%20avalia%C3%A7%C3%B5es%21%29%2C%20mas%20notei%20que%20voc%C3%AAs%20ainda%20n%C3%A3o%20possuem%20um%20site%20pr%C3%B3prio%20nem%20card%C3%A1pio%20interativo%20na%20bio%20do%20Instagram.%0A%0AHoje%20muitos%20clientes%20pesquisam%20no%20Google%20antes%20de%20sair%20para%20almo%C3%A7ar%20ou%20pedir%20delivery.%20Trabalho%20com%202%20op%C3%A7%C3%B5es%20bem%20pr%C3%A1ticas%20para%20restaurantes%3A%0A%0A1.%20%F0%9F%93%B1%20Card%C3%A1pio%20Digital%20no%20WhatsApp%20%28o%20cliente%20monta%20o%20pedido%20e%20envia%20pronto%20direto%20pro%20seu%20WhatsApp%20-%20op%C3%A7%C3%A3o%20mais%20econ%C3%B4mica%29.%0A2.%20%F0%9F%92%B3%20Site%20Completo%20com%20Pagamento%20Online%20%28o%20cliente%20faz%20o%20pedido%20e%20realiza%20o%20pagamento%20direto%20pelo%20site%29.%0A%0APosso%20te%20explicar%20rapidinho%20como%20funciona%20e%20te%20passar%20os%20valores%20sem%20compromisso%3F,"Av. Dom Pedro I, 884 - Conceição, Diadema - SP, 09991-000",Conceição,Diadema - SP,"Churrascaria, Bar, Restaurante de churrasquinho",4.6,1969,Não,https://www.google.com/maps/place/?q=place_id:ChIJY8vzl1lEzpQRfzkkpjhTaos
6,Restaurante do Gaúcho,(11) 99283-6040,https://wa.me/5511992836040?text=Ol%C3%A1%2C%20tudo%20bem%3F%20Meu%20nome%20%C3%A9%20Leonardo%2C%20trabalho%20com%20cria%C3%A7%C3%A3o%20de%20sites%20e%20card%C3%A1pios%20digitais%20para%20churrascarias.%0A%0AEstava%20no%20Google%20Maps%20e%20vi%20que%20a%20Restaurante%20do%20Ga%C3%BAcho%20tem%20uma%20excelente%20avalia%C3%A7%C3%A3o%20%284.5%20%E2%98%85%20com%201808%20avalia%C3%A7%C3%B5es%21%29%2C%20mas%20notei%20que%20voc%C3%AAs%20ainda%20n%C3%A3o%20possuem%20um%20site%20pr%C3%B3prio%20nem%20card%C3%A1pio%20interativo%20na%20bio%20do%20Instagram.%0A%0AHoje%20muitos%20clientes%20pesquisam%20no%20Google%20antes%20de%20sair%20para%20almo%C3%A7ar%20ou%20pedir%20delivery.%20Trabalho%20com%202%20op%C3%A7%C3%B5es%20bem%20pr%C3%A1ticas%20para%20restaurantes%3A%0A%0A1.%20%F0%9F%93%B1%20Card%C3%A1pio%20Digital%20no%20WhatsApp%20%28o%20cliente%20monta%20o%20pedido%20e%20envia%20pronto%20direto%20pro%20seu%20WhatsApp%20-%20op%C3%A7%C3%A3o%20mais%20econ%C3%B4mica%29.%0A2.%20%F0%9F%92%B3%20Site%20Completo%20com%20Pagamento%20Online%20%28o%20cliente%20faz%20o%20pedido%20e%20realiza%20o%20pagamento%20direto%20pelo%20site%29.%0A%0APosso%20te%20explicar%20rapidinho%20como%20funciona%20e%20te%20passar%20os%20valores%20sem%20compromisso%3F,"R. das Pitangueiras, 777 - Jardim, Santo André - SP, 09090-150",Jardim,Santo André - SP,"Restaurante brasileiro, Restaurante",4.5,1808,Não,https://www.google.com/maps/place/?q=place_id:ChIJVXRSR-hCzpQRFz_QuQ4qJcI
7,Churrascaria do Alemão,(11) 96087-8224,https://wa.me/5511960878224?text=Ol%C3%A1%2C%20tudo%20bem%3F%20Meu%20nome%20%C3%A9%20Leonardo%2C%20trabalho%20com%20cria%C3%A7%C3%A3o%20de%20sites%20e%20card%C3%A1pios%20digitais%20para%20churrascarias.%0A%0AEstava%20no%20Google%20Maps%20e%20vi%20que%20a%20Churrascaria%20do%20Alem%C3%A3o%20tem%20uma%20excelente%20avalia%C3%A7%C3%A3o%20%284.2%20%E2%98%85%20com%201657%20avalia%C3%A7%C3%B5es%21%29%2C%20mas%20notei%20que%20voc%C3%AAs%20ainda%20n%C3%A3o%20possuem%20um%20site%20pr%C3%B3prio%20nem%20card%C3%A1pio%20interativo%20na%20bio%20do%20Instagram.%0A%0AHoje%20muitos%20clientes%20pesquisam%20no%20Google%20antes%20de%20sair%20para%20almo%C3%A7ar%20ou%20pedir%20delivery.%20Trabalho%20com%202%20op%C3%A7%C3%B5es%20bem%20pr%C3%A1ticas%20para%20restaurantes%3A%0A%0A1.%20%F0%9F%93%B1%20Card%C3%A1pio%20Digital%20no%20WhatsApp%20%28o%20cliente%20monta%20o%20pedido%20e%20envia%20pronto%20direto%20pro%20seu%20WhatsApp%20-%20op%C3%A7%C3%A3o%20mais%20econ%C3%B4mica%29.%0A2.%20%F0%9F%92%B3%20Site%20Completo%20com%20Pagamento%20Online%20%28o%20cliente%20faz%20o%20pedido%20e%20realiza%20o%20pagamento%20direto%20pelo%20site%29.%0A%0APosso%20te%20explicar%20rapidinho%20como%20funciona%20e%20te%20passar%20os%20valores%20sem%20compromisso%3F,"Av. Miguel Conejo, 854 - Vila Albertina, São Paulo - SP, 02731-060",Vila Albertina,São Paulo - SP,Churrascaria,4.2,1657,Não,https://www.google.com/maps/place/?q=place_id:ChIJu_oO0kv4zpQR3M1n9vGFJmA
8,Baixo Araguaia,(21) 97696-8984,https://wa.me/5521976968984?text=Ol%C3%A1%2C%20tudo%20bem%3F%20Meu%20nome%20%C3%A9%20Leonardo%2C%20trabalho%20com%20cria%C3%A7%C3%A3o%20de%20sites%20e%20card%C3%A1pios%20digitais%20para%20churrascarias.%0A%0AEstava%20no%20Google%20Maps%20e%20vi%20que%20a%20Baixo%20Araguaia%20tem%20uma%20excelente%20avalia%C3%A7%C3%A3o%20%284.5%20%E2%98%85%20com%201633%20avalia%C3%A7%C3%B5es%21%29%2C%20mas%20notei%20que%20voc%C3%AAs%20ainda%20n%C3%A3o%20possuem%20um%20site%20pr%C3%B3prio%20nem%20card%C3%A1pio%20interativo%20na%20bio%20do%20Instagram.%0A%0AHoje%20muitos%20clientes%20pesquisam%20no%20Google%20antes%20de%20sair%20para%20almo%C3%A7ar%20ou%20pedir%20delivery.%20Trabalho%20com%202%20op%C3%A7%C3%B5es%20bem%20pr%C3%A1ticas%20para%20restaurantes%3A%0A%0A1.%20%F0%9F%93%B1%20Card%C3%A1pio%20Digital%20no%20WhatsApp%20%28o%20cliente%20monta%20o%20pedido%20e%20envia%20pronto%20direto%20pro%20seu%20WhatsApp%20-%20op%C3%A7%C3%A3o%20mais%20econ%C3%B4mica%29.%0A2.%20%F0%9F%92%B3%20Site%20Completo%20com%20Pagamento%20Online%20%28o%20cliente%20faz%20o%20pedido%20e%20realiza%20o%20pagamento%20direto%20pelo%20site%29.%0A%0APosso%20te%20explicar%20rapidinho%20como%20funciona%20e%20te%20passar%20os%20valores%20sem%20compromisso%3F,"R. Araguaia, 1709 - Freguesia (Jacarepaguá), Rio de Janeiro - RJ, 22745-271",Freguesia (Jacarepaguá),Rio de Janeiro - RJ,"Churrascaria, Bar, Restaurante, Restaurante de carne",4.5,1633,Não,https://www.google.com/maps/place/?q=place_id:ChIJ026jWSDYmwARWG-QiWV3-Xs
9,Churrascaria e Restaurante Itapuazinho,(14) 98232-1266,https://wa.me/5514982321266?text=Ol%C3%A1%2C%20tudo%20bem%3F%20Meu%20nome%20%C3%A9%20Leonardo%2C%20trabalho%20com%20cria%C3%A7%C3%A3o%20de%20sites%20e%20card%C3%A1pios%20digitais%20para%20churrascarias.%0A%0AEstava%20no%20Google%20Maps%20e%20vi%20que%20a%20Churrascaria%20e%20Restaurante%20Itapuazinho%20tem%20uma%20excelente%20avalia%C3%A7%C3%A3o%20%284.6%20%E2%98%85%20com%201488%20avalia%C3%A7%C3%B5es%21%29%2C%20mas%20notei%20que%20voc%C3%AAs%20ainda%20n%C3%A3o%20possuem%20um%20site%20pr%C3%B3prio%20nem%20card%C3%A1pio%20interativo%20na%20bio%20do%20Instagram.%0A%0AHoje%20muitos%20clientes%20pesquisam%20no%20Google%20antes%20de%20sair%20para%20almo%C3%A7ar%20ou%20pedir%20delivery.%20Trabalho%20com%202%20op%C3%A7%C3%B5es%20bem%20pr%C3%A1ticas%20para%20restaurantes%3A%0A%0A1.%20%F0%9F%93%B1%20Card%C3%A1pio%20Digital%20no%20WhatsApp%20%28o%20cliente%20monta%20o%20pedido%20e%20envia%20pronto%20direto%20pro%20seu%20WhatsApp%20-%20op%C3%A7%C3%A3o%20mais%20econ%C3%B4mica%29.%0A2.%20%F0%9F%92%B3%20Site%20Completo%20com%20Pagamento%20Online%20%28o%20cliente%20faz%20o%20pedido%20e%20realiza%20o%20pagamento%20direto%20pelo%20site%29.%0A%0APosso%20te%20explicar%20rapidinho%20como%20funciona%20e%20te%20passar%20os%20valores%20sem%20compromisso%3F,"R. Benedito Alves Delfino, 222 - Jardim Sasazaki, Marília - SP, 17512-043",Jardim Sasazaki,Marília - SP,"Churrascaria, Negócio de produção de comida, Delivery, Restaurante de comida para viagem, Restaurante",4.6,1488,Não,https://www.google.com/maps/place/?q=place_id:ChIJUxlSW5rWv5QRNeiXGkrRG6E
10,Better Beef Steakhouse (Beef Company),(18) 99695-6711,https://wa.me/5518996956711?text=Ol%C3%A1%2C%20tudo%20bem%3F%20Meu%20nome%20%C3%A9%20Leonardo%2C%20trabalho%20com%20cria%C3%A7%C3%A3o%20de%20sites%20e%20card%C3%A1pios%20digitais%20para%20churrascarias.%0A%0AEstava%20no%20Google%20Maps%20e%20vi%20que%20a%20Better%20Beef%20Steakhouse%20%28Beef%20Company%29%20tem%20uma%20excelente%20avalia%C3%A7%C3%A3o%20%284.7%20%E2%98%85%20com%201259%20avalia%C3%A7%C3%B5es%21%29%2C%20mas%20notei%20que%20voc%C3%AAs%20ainda%20n%C3%A3o%20possuem%20um%20site%20pr%C3%B3prio%20nem%20card%C3%A1pio%20interativo%20na%20bio%20do%20Instagram.%0A%0AHoje%20muitos%20clientes%20pesquisam%20no%20Google%20antes%20de%20sair%20para%20almo%C3%A7ar%20ou%20pedir%20delivery.%20Trabalho%20com%202%20op%C3%A7%C3%B5es%20bem%20pr%C3%A1ticas%20para%20restaurantes%3A%0A%0A1.%20%F0%9F%93%B1%20Card%C3%A1pio%20Digital%20no%20WhatsApp%20%28o%20cliente%20monta%20o%20pedido%20e%20envia%20pronto%20direto%20pro%20seu%20WhatsApp%20-%20op%C3%A7%C3%A3o%20mais%20econ%C3%B4mica%29.%0A2.%20%F0%9F%92%B3%20Site%20Completo%20com%20Pagamento%20Online%20%28o%20cliente%20faz%20o%20pedido%20e%20realiza%20o%20pagamento%20direto%20pelo%20site%29.%0A%0APosso%20te%20explicar%20rapidinho%20como%20funciona%20e%20te%20passar%20os%20valores%20sem%20compromisso%3F,"Av. Manoel Goulart, 3880 - Vila Santa Helena, Pres. Prudente - SP, 19060-000",Vila Santa Helena,Pres. Prudente - SP,Churrascaria,4.7,1259,Não,https://www.google.com/maps/place/?q=place_id:ChIJW7RSWRH1k5QRqc-UpXckKNo
11,Churrascaria Brasa Gaucha,(11) 96542-9653,https://wa.me/5511965429653?text=Ol%C3%A1%2C%20tudo%20bem%3F%20Meu%20nome%20%C3%A9%20Leonardo%2C%20trabalho%20com%20cria%C3%A7%C3%A3o%20de%20sites%20e%20card%C3%A1pios%20digitais%20para%20churrascarias.%0A%0AEstava%20no%20Google%20Maps%20e%20vi%20que%20a%20Churrascaria%20Brasa%20Gaucha%20tem%20uma%20excelente%20avalia%C3%A7%C3%A3o%20%284.3%20%E2%98%85%20com%20981%20avalia%C3%A7%C3%B5es%21%29%2C%20mas%20notei%20que%20voc%C3%AAs%20ainda%20n%C3%A3o%20possuem%20um%20site%20pr%C3%B3prio%20nem%20card%C3%A1pio%20interativo%20na%20bio%20do%20Instagram.%0A%0AHoje%20muitos%20clientes%20pesquisam%20no%20Google%20antes%20de%20sair%20para%20almo%C3%A7ar%20ou%20pedir%20delivery.%20Trabalho%20com%202%20op%C3%A7%C3%B5es%20bem%20pr%C3%A1ticas%20para%20restaurantes%3A%0A%0A1.%20%F0%9F%93%B1%20Card%C3%A1pio%20Digital%20no%20WhatsApp%20%28o%20cliente%20monta%20o%20pedido%20e%20envia%20pronto%20direto%20pro%20seu%20WhatsApp%20-%20op%C3%A7%C3%A3o%20mais%20econ%C3%B4mica%29.%0A2.%20%F0%9F%92%B3%20Site%20Completo%20com%20Pagamento%20Online%20%28o%20cliente%20faz%20o%20pedido%20e%20realiza%20o%20pagamento%20direto%20pelo%20site%29.%0A%0APosso%20te%20explicar%20rapidinho%20como%20funciona%20e%20te%20passar%20os%20valores%20sem%20compromisso%3F,"R. Conselheiro Belisário, 227 - Brás, São Paulo - SP, 03012-000",Brás,São Paulo - SP,Churrascaria,4.3,981,Não,https://www.google.com/maps/place/?q=place_id:ChIJ47qydeFYzpQRYCc5pSzrvOI
12,Restaurante e Churrascaria Farropilha | Itatiba e Bragança,(11) 94492-0801,https://wa.me/5511944920801?text=Ol%C3%A1%2C%20tudo%20bem%3F%20Meu%20nome%20%C3%A9%20Leonardo%2C%20trabalho%20com%20cria%C3%A7%C3%A3o%20de%20sites%20e%20card%C3%A1pios%20digitais%20para%20churrascarias.%0A%0AEstava%20no%20Google%20Maps%20e%20vi%20que%20a%20Restaurante%20e%20Churrascaria%20Farropilha%20%7C%20Itatiba%20e%20Bragan%C3%A7a%20tem%20uma%20excelente%20avalia%C3%A7%C3%A3o%20%284.6%20%E2%98%85%20com%20838%20avalia%C3%A7%C3%B5es%21%29%2C%20mas%20notei%20que%20voc%C3%AAs%20ainda%20n%C3%A3o%20possuem%20um%20site%20pr%C3%B3prio%20nem%20card%C3%A1pio%20interativo%20na%20bio%20do%20Instagram.%0A%0AHoje%20muitos%20clientes%20pesquisam%20no%20Google%20antes%20de%20sair%20para%20almo%C3%A7ar%20ou%20pedir%20delivery.%20Trabalho%20com%202%20op%C3%A7%C3%B5es%20bem%20pr%C3%A1ticas%20para%20restaurantes%3A%0A%0A1.%20%F0%9F%93%B1%20Card%C3%A1pio%20Digital%20no%20WhatsApp%20%28o%20cliente%20monta%20o%20pedido%20e%20envia%20pronto%20direto%20pro%20seu%20WhatsApp%20-%20op%C3%A7%C3%A3o%20mais%20econ%C3%B4mica%29.%0A2.%20%F0%9F%92%B3%20Site%20Completo%20com%20Pagamento%20Online%20%28o%20cliente%20faz%20o%20pedido%20e%20realiza%20o%20pagamento%20direto%20pelo%20site%29.%0A%0APosso%20te%20explicar%20rapidinho%20como%20funciona%20e%20te%20passar%20os%20valores%20sem%20compromisso%3F,"Rua Orilla Gilli de Giaretta de Souza, 119 - Lot Summertime, Itatiba - SP, 13252-690",Lot Summertime,Itatiba - SP,"Churrascaria, Restaurante brasileiro, Restaurante self-service, Restaurante familiar, Restaurante de carne",4.6,838,Não,https://www.google.com/maps/place/?q=place_id:ChIJETfLWz3TzpQRuBmSl_u6nnA
13,Varanda Steak House,(45) 99999-6171,https://wa.me/5545999996171?text=Ol%C3%A1%2C%20tudo%20bem%3F%20Meu%20nome%20%C3%A9%20Leonardo%2C%20trabalho%20com%20cria%C3%A7%C3%A3o%20de%20sites%20e%20card%C3%A1pios%20digitais%20para%20churrascarias.%0A%0AEstava%20no%20Google%20Maps%20e%20vi%20que%20a%20Varanda%20Steak%20House%20tem%20uma%20excelente%20avalia%C3%A7%C3%A3o%20%284.5%20%E2%98%85%20com%20806%20avalia%C3%A7%C3%B5es%21%29%2C%20mas%20notei%20que%20voc%C3%AAs%20ainda%20n%C3%A3o%20possuem%20um%20site%20pr%C3%B3prio%20nem%20card%C3%A1pio%20interativo%20na%20bio%20do%20Instagram.%0A%0AHoje%20muitos%20clientes%20pesquisam%20no%20Google%20antes%20de%20sair%20para%20almo%C3%A7ar%20ou%20pedir%20delivery.%20Trabalho%20com%202%20op%C3%A7%C3%B5es%20bem%20pr%C3%A1ticas%20para%20restaurantes%3A%0A%0A1.%20%F0%9F%93%B1%20Card%C3%A1pio%20Digital%20no%20WhatsApp%20%28o%20cliente%20monta%20o%20pedido%20e%20envia%20pronto%20direto%20pro%20seu%20WhatsApp%20-%20op%C3%A7%C3%A3o%20mais%20econ%C3%B4mica%29.%0A2.%20%F0%9F%92%B3%20Site%20Completo%20com%20Pagamento%20Online%20%28o%20cliente%20faz%20o%20pedido%20e%20realiza%20o%20pagamento%20direto%20pelo%20site%29.%0A%0APosso%20te%20explicar%20rapidinho%20como%20funciona%20e%20te%20passar%20os%20valores%20sem%20compromisso%3F,"R. Mal. Cândido Rondon, 2553 - Centro, Cascavel - PR, 85810-030",Centro,Cascavel - PR,"Churrascaria, Restaurante especializado em carnes, Bar, Pizzaria, Restaurante",4.5,806,Não,https://www.google.com/maps/place/?q=place_id:ChIJUwm9VRfV85QR5qA0tRe-hXA
14,Gaucho's Grill,(11) 96142-6671,https://wa.me/5511961426671?text=Ol%C3%A1%2C%20tudo%20bem%3F%20Meu%20nome%20%C3%A9%20Leonardo%2C%20trabalho%20com%20cria%C3%A7%C3%A3o%20de%20sites%20e%20card%C3%A1pios%20digitais%20para%20churrascarias.%0A%0AEstava%20no%20Google%20Maps%20e%20vi%20que%20a%20Gaucho%27s%20Grill%20tem%20uma%20excelente%20avalia%C3%A7%C3%A3o%20%284.3%20%E2%98%85%20com%20713%20avalia%C3%A7%C3%B5es%21%29%2C%20mas%20notei%20que%20voc%C3%AAs%20ainda%20n%C3%A3o%20possuem%20um%20site%20pr%C3%B3prio%20nem%20card%C3%A1pio%20interativo%20na%20bio%20do%20Instagram.%0A%0AHoje%20muitos%20clientes%20pesquisam%20no%20Google%20antes%20de%20sair%20para%20almo%C3%A7ar%20ou%20pedir%20delivery.%20Trabalho%20com%202%20op%C3%A7%C3%B5es%20bem%20pr%C3%A1ticas%20para%20restaurantes%3A%0A%0A1.%20%F0%9F%93%B1%20Card%C3%A1pio%20Digital%20no%20WhatsApp%20%28o%20cliente%20monta%20o%20pedido%20e%20envia%20pronto%20direto%20pro%20seu%20WhatsApp%20-%20op%C3%A7%C3%A3o%20mais%20econ%C3%B4mica%29.%0A2.%20%F0%9F%92%B3%20Site%20Completo%20com%20Pagamento%20Online%20%28o%20cliente%20faz%20o%20pedido%20e%20realiza%20o%20pagamento%20direto%20pelo%20site%29.%0A%0APosso%20te%20explicar%20rapidinho%20como%20funciona%20e%20te%20passar%20os%20valores%20sem%20compromisso%3F,"R. dos Vianas, 696 - Baeta Neves, São Bernardo do Campo - SP, 09760-000",Baeta Neves,São Bernardo do Campo - SP,"Churrascaria, Restaurante self-service, Delivery, Restaurante",4.3,713,Não,https://www.google.com/maps/place/?q=place_id:ChIJ0zt4ki9CzpQRk7bPCXRXrcw
15,Baurú Restaurante | Ilha do Governador – Rio de Janeiro,(21) 99314-6476,https://wa.me/5521993146476?text=Ol%C3%A1%2C%20tudo%20bem%3F%20Meu%20nome%20%C3%A9%20Leonardo%2C%20trabalho%20com%20cria%C3%A7%C3%A3o%20de%20sites%20e%20card%C3%A1pios%20digitais%20para%20churrascarias.%0A%0AEstava%20no%20Google%20Maps%20e%20vi%20que%20a%20Baur%C3%BA%20Restaurante%20%7C%20Ilha%20do%20Governador%20%E2%80%93%20Rio%20de%20Janeiro%20tem%20uma%20excelente%20avalia%C3%A7%C3%A3o%20%284.5%20%E2%98%85%20com%20686%20avalia%C3%A7%C3%B5es%21%29%2C%20mas%20notei%20que%20voc%C3%AAs%20ainda%20n%C3%A3o%20possuem%20um%20site%20pr%C3%B3prio%20nem%20card%C3%A1pio%20interativo%20na%20bio%20do%20Instagram.%0A%0AHoje%20muitos%20clientes%20pesquisam%20no%20Google%20antes%20de%20sair%20para%20almo%C3%A7ar%20ou%20pedir%20delivery.%20Trabalho%20com%202%20op%C3%A7%C3%B5es%20bem%20pr%C3%A1ticas%20para%20restaurantes%3A%0A%0A1.%20%F0%9F%93%B1%20Card%C3%A1pio%20Digital%20no%20WhatsApp%20%28o%20cliente%20monta%20o%20pedido%20e%20envia%20pronto%20direto%20pro%20seu%20WhatsApp%20-%20op%C3%A7%C3%A3o%20mais%20econ%C3%B4mica%29.%0A2.%20%F0%9F%92%B3%20Site%20Completo%20com%20Pagamento%20Online%20%28o%20cliente%20faz%20o%20pedido%20e%20realiza%20o%20pagamento%20direto%20pelo%20site%29.%0A%0APosso%20te%20explicar%20rapidinho%20como%20funciona%20e%20te%20passar%20os%20valores%20sem%20compromisso%3F,"Estrada do Galeão, 2275 - Jardim Guanabara, Rio de Janeiro - RJ, 21931-385",Jardim Guanabara,Rio de Janeiro - RJ,"Restaurante, Churrascaria, Restaurante brasileiro, Restaurante de almoço, Restaurante de comida para viagem, Restaurante de frutos do mar, Restaurante de carne",4.5,686,Não,https://www.google.com/maps/place/?q=place_id:ChIJUeztIAB5mQARh6c7XwsWsW0
16,Churrascaria do Gaúcho,(14) 99814-1631,https://wa.me/5514998141631?text=Ol%C3%A1%2C%20tudo%20bem%3F%20Meu%20nome%20%C3%A9%20Leonardo%2C%20trabalho%20com%20cria%C3%A7%C3%A3o%20de%20sites%20e%20card%C3%A1pios%20digitais%20para%20churrascarias.%0A%0AEstava%20no%20Google%20Maps%20e%20vi%20que%20a%20Churrascaria%20do%20Ga%C3%BAcho%20tem%20uma%20excelente%20avalia%C3%A7%C3%A3o%20%284.4%20%E2%98%85%20com%20667%20avalia%C3%A7%C3%B5es%21%29%2C%20mas%20notei%20que%20voc%C3%AAs%20ainda%20n%C3%A3o%20possuem%20um%20site%20pr%C3%B3prio%20nem%20card%C3%A1pio%20interativo%20na%20bio%20do%20Instagram.%0A%0AHoje%20muitos%20clientes%20pesquisam%20no%20Google%20antes%20de%20sair%20para%20almo%C3%A7ar%20ou%20pedir%20delivery.%20Trabalho%20com%202%20op%C3%A7%C3%B5es%20bem%20pr%C3%A1ticas%20para%20restaurantes%3A%0A%0A1.%20%F0%9F%93%B1%20Card%C3%A1pio%20Digital%20no%20WhatsApp%20%28o%20cliente%20monta%20o%20pedido%20e%20envia%20pronto%20direto%20pro%20seu%20WhatsApp%20-%20op%C3%A7%C3%A3o%20mais%20econ%C3%B4mica%29.%0A2.%20%F0%9F%92%B3%20Site%20Completo%20com%20Pagamento%20Online%20%28o%20cliente%20faz%20o%20pedido%20e%20realiza%20o%20pagamento%20direto%20pelo%20site%29.%0A%0APosso%20te%20explicar%20rapidinho%20como%20funciona%20e%20te%20passar%20os%20valores%20sem%20compromisso%3F,"Av. Tiradentes, 1.487 - Fragata, Marília - SP, 17519-000",Fragata,Marília - SP,Churrascaria,4.4,667,Não,https://www.google.com/maps/place/?q=place_id:ChIJGwIxkq7Qv5QRqfLXDKh6gMc
17,Casa de Carnes Better - Presidente Prudente,(18) 99802-3645,https://wa.me/5518998023645?text=Ol%C3%A1%2C%20tudo%20bem%3F%20Meu%20nome%20%C3%A9%20Leonardo%2C%20trabalho%20com%20cria%C3%A7%C3%A3o%20de%20sites%20e%20card%C3%A1pios%20digitais%20para%20churrascarias.%0A%0AEstava%20no%20Google%20Maps%20e%20vi%20que%20a%20Casa%20de%20Carnes%20Better%20-%20Presidente%20Prudente%20tem%20uma%20excelente%20avalia%C3%A7%C3%A3o%20%284.6%20%E2%98%85%20com%20644%20avalia%C3%A7%C3%B5es%21%29%2C%20mas%20notei%20que%20voc%C3%AAs%20ainda%20n%C3%A3o%20possuem%20um%20site%20pr%C3%B3prio%20nem%20card%C3%A1pio%20interativo%20na%20bio%20do%20Instagram.%0A%0AHoje%20muitos%20clientes%20pesquisam%20no%20Google%20antes%20de%20sair%20para%20almo%C3%A7ar%20ou%20pedir%20delivery.%20Trabalho%20com%202%20op%C3%A7%C3%B5es%20bem%20pr%C3%A1ticas%20para%20restaurantes%3A%0A%0A1.%20%F0%9F%93%B1%20Card%C3%A1pio%20Digital%20no%20WhatsApp%20%28o%20cliente%20monta%20o%20pedido%20e%20envia%20pronto%20direto%20pro%20seu%20WhatsApp%20-%20op%C3%A7%C3%A3o%20mais%20econ%C3%B4mica%29.%0A2.%20%F0%9F%92%B3%20Site%20Completo%20com%20Pagamento%20Online%20%28o%20cliente%20faz%20o%20pedido%20e%20realiza%20o%20pagamento%20direto%20pelo%20site%29.%0A%0APosso%20te%20explicar%20rapidinho%20como%20funciona%20e%20te%20passar%20os%20valores%20sem%20compromisso%3F,"Av. Manoel Goulart, 3880 - Vila Santa Helena, Pres. Prudente - SP, 19060-000",Vila Santa Helena,Pres. Prudente - SP,"Churrascaria, Açougue, Empório gourmet, Mercado",4.6,644,Não,https://www.google.com/maps/place/?q=place_id:ChIJKQNONxH0k5QRxjKhlq-G9KQ
18,O Original na Brasa Parrilla,(48) 99867-0949,https://wa.me/5548998670949?text=Ol%C3%A1%2C%20tudo%20bem%3F%20Meu%20nome%20%C3%A9%20Leonardo%2C%20trabalho%20com%20cria%C3%A7%C3%A3o%20de%20sites%20e%20card%C3%A1pios%20digitais%20para%20churrascarias.%0A%0AEstava%20no%20Google%20Maps%20e%20vi%20que%20a%20O%20Original%20na%20Brasa%20Parrilla%20tem%20uma%20excelente%20avalia%C3%A7%C3%A3o%20%284.8%20%E2%98%85%20com%20635%20avalia%C3%A7%C3%B5es%21%29%2C%20mas%20notei%20que%20voc%C3%AAs%20ainda%20n%C3%A3o%20possuem%20um%20site%20pr%C3%B3prio%20nem%20card%C3%A1pio%20interativo%20na%20bio%20do%20Instagram.%0A%0AHoje%20muitos%20clientes%20pesquisam%20no%20Google%20antes%20de%20sair%20para%20almo%C3%A7ar%20ou%20pedir%20delivery.%20Trabalho%20com%202%20op%C3%A7%C3%B5es%20bem%20pr%C3%A1ticas%20para%20restaurantes%3A%0A%0A1.%20%F0%9F%93%B1%20Card%C3%A1pio%20Digital%20no%20WhatsApp%20%28o%20cliente%20monta%20o%20pedido%20e%20envia%20pronto%20direto%20pro%20seu%20WhatsApp%20-%20op%C3%A7%C3%A3o%20mais%20econ%C3%B4mica%29.%0A2.%20%F0%9F%92%B3%20Site%20Completo%20com%20Pagamento%20Online%20%28o%20cliente%20faz%20o%20pedido%20e%20realiza%20o%20pagamento%20direto%20pelo%20site%29.%0A%0APosso%20te%20explicar%20rapidinho%20como%20funciona%20e%20te%20passar%20os%20valores%20sem%20compromisso%3F,"Av. dos Salmões, 1200 - Jurerê Internacional, Florianópolis - SC, 88053-365",Jurerê Internacional,Florianópolis - SC,Churrascaria,4.8,635,Não,https://www.google.com/maps/place/?q=place_id:ChIJga4ok_tFJ5URPNJREWZpdBQ
19,BBQ Boutique de Carnes & Grill,(12) 98184-0455,https://wa.me/5512981840455?text=Ol%C3%A1%2C%20tudo%20bem%3F%20Meu%20nome%20%C3%A9%20Leonardo%2C%20trabalho%20com%20cria%C3%A7%C3%A3o%20de%20sites%20e%20card%C3%A1pios%20digitais%20para%20churrascarias.%0A%0AEstava%20no%20Google%20Maps%20e%20vi%20que%20a%20BBQ%20Boutique%20de%20Carnes%20%26%20Grill%20tem%20uma%20excelente%20avalia%C3%A7%C3%A3o%20%284.1%20%E2%98%85%20com%20624%20avalia%C3%A7%C3%B5es%21%29%2C%20mas%20notei%20que%20voc%C3%AAs%20ainda%20n%C3%A3o%20possuem%20um%20site%20pr%C3%B3prio%20nem%20card%C3%A1pio%20interativo%20na%20bio%20do%20Instagram.%0A%0AHoje%20muitos%20clientes%20pesquisam%20no%20Google%20antes%20de%20sair%20para%20almo%C3%A7ar%20ou%20pedir%20delivery.%20Trabalho%20com%202%20op%C3%A7%C3%B5es%20bem%20pr%C3%A1ticas%20para%20restaurantes%3A%0A%0A1.%20%F0%9F%93%B1%20Card%C3%A1pio%20Digital%20no%20WhatsApp%20%28o%20cliente%20monta%20o%20pedido%20e%20envia%20pronto%20direto%20pro%20seu%20WhatsApp%20-%20op%C3%A7%C3%A3o%20mais%20econ%C3%B4mica%29.%0A2.%20%F0%9F%92%B3%20Site%20Completo%20com%20Pagamento%20Online%20%28o%20cliente%20faz%20o%20pedido%20e%20realiza%20o%20pagamento%20direto%20pelo%20site%29.%0A%0APosso%20te%20explicar%20rapidinho%20como%20funciona%20e%20te%20passar%20os%20valores%20sem%20compromisso%3F,"Rua Coronel José Benedito Marcondes de Mattos, 680 - Quiririm, Taubaté - SP, 12043-280",Quiririm,Taubaté - SP,Churrascaria,4.1,624,Não,https://www.google.com/maps/place/?q=place_id:ChIJRRcb9vL4zJQRuqAIYHcIWM0
20,Stella Grill,(11) 99897-6533,https://wa.me/5511998976533?text=Ol%C3%A1%2C%20tudo%20bem%3F%20Meu%20nome%20%C3%A9%20Leonardo%2C%20trabalho%20com%20cria%C3%A7%C3%A3o%20de%20sites%20e%20card%C3%A1pios%20digitais%20para%20churrascarias.%0A%0AEstava%20no%20Google%20Maps%20e%20vi%20que%20a%20Stella%20Grill%20tem%20uma%20excelente%20avalia%C3%A7%C3%A3o%20%284.4%20%E2%98%85%20com%20614%20avalia%C3%A7%C3%B5es%21%29%2C%20mas%20notei%20que%20voc%C3%AAs%20ainda%20n%C3%A3o%20possuem%20um%20site%20pr%C3%B3prio%20nem%20card%C3%A1pio%20interativo%20na%20bio%20do%20Instagram.%0A%0AHoje%20muitos%20clientes%20pesquisam%20no%20Google%20antes%20de%20sair%20para%20almo%C3%A7ar%20ou%20pedir%20delivery.%20Trabalho%20com%202%20op%C3%A7%C3%B5es%20bem%20pr%C3%A1ticas%20para%20restaurantes%3A%0A%0A1.%20%F0%9F%93%B1%20Card%C3%A1pio%20Digital%20no%20WhatsApp%20%28o%20cliente%20monta%20o%20pedido%20e%20envia%20pronto%20direto%20pro%20seu%20WhatsApp%20-%20op%C3%A7%C3%A3o%20mais%20econ%C3%B4mica%29.%0A2.%20%F0%9F%92%B3%20Site%20Completo%20com%20Pagamento%20Online%20%28o%20cliente%20faz%20o%20pedido%20e%20realiza%20o%20pagamento%20direto%20pelo%20site%29.%0A%0APosso%20te%20explicar%20rapidinho%20como%20funciona%20e%20te%20passar%20os%20valores%20sem%20compromisso%3F,"Alameda Caiapós, 821 - Tamboré, Barueri - SP, 06460-110",Tamboré,Barueri - SP,Restaurante,4.4,614,Não,https://www.google.com/maps/place/?q=place_id:ChIJp6Cn8c7_zpQR8RpyfCzTy_s
21,Costelaria Sabor na Brasa,(45) 99988-6667,https://wa.me/5545999886667?text=Ol%C3%A1%2C%20tudo%20bem%3F%20Meu%20nome%20%C3%A9%20Leonardo%2C%20trabalho%20com%20cria%C3%A7%C3%A3o%20de%20sites%20e%20card%C3%A1pios%20digitais%20para%20churrascarias.%0A%0AEstava%20no%20Google%20Maps%20e%20vi%20que%20a%20Costelaria%20Sabor%20na%20Brasa%20tem%20uma%20excelente%20avalia%C3%A7%C3%A3o%20%284.5%20%E2%98%85%20com%20556%20avalia%C3%A7%C3%B5es%21%29%2C%20mas%20notei%20que%20voc%C3%AAs%20ainda%20n%C3%A3o%20possuem%20um%20site%20pr%C3%B3prio%20nem%20card%C3%A1pio%20interativo%20na%20bio%20do%20Instagram.%0A%0AHoje%20muitos%20clientes%20pesquisam%20no%20Google%20antes%20de%20sair%20para%20almo%C3%A7ar%20ou%20pedir%20delivery.%20Trabalho%20com%202%20op%C3%A7%C3%B5es%20bem%20pr%C3%A1ticas%20para%20restaurantes%3A%0A%0A1.%20%F0%9F%93%B1%20Card%C3%A1pio%20Digital%20no%20WhatsApp%20%28o%20cliente%20monta%20o%20pedido%20e%20envia%20pronto%20direto%20pro%20seu%20WhatsApp%20-%20op%C3%A7%C3%A3o%20mais%20econ%C3%B4mica%29.%0A2.%20%F0%9F%92%B3%20Site%20Completo%20com%20Pagamento%20Online%20%28o%20cliente%20faz%20o%20pedido%20e%20realiza%20o%20pagamento%20direto%20pelo%20site%29.%0A%0APosso%20te%20explicar%20rapidinho%20como%20funciona%20e%20te%20passar%20os%20valores%20sem%20compromisso%3F,"Av. Brasil - Santo Inácio, Cascavel - PR, 85816-290",Santo Inácio,Cascavel - PR,Churrascaria,4.5,556,Não,https://www.google.com/maps/place/?q=place_id:ChIJK90Q2YjU85QRaff0NSlX268
22,Mandabrasa Steakhouse,(45) 99918-1000,https://wa.me/5545999181000?text=Ol%C3%A1%2C%20tudo%20bem%3F%20Meu%20nome%20%C3%A9%20Leonardo%2C%20trabalho%20com%20cria%C3%A7%C3%A3o%20de%20sites%20e%20card%C3%A1pios%20digitais%20para%20churrascarias.%0A%0AEstava%20no%20Google%20Maps%20e%20vi%20que%20a%20Mandabrasa%20Steakhouse%20tem%20uma%20excelente%20avalia%C3%A7%C3%A3o%20%284.4%20%E2%98%85%20com%20527%20avalia%C3%A7%C3%B5es%21%29%2C%20mas%20notei%20que%20voc%C3%AAs%20ainda%20n%C3%A3o%20possuem%20um%20site%20pr%C3%B3prio%20nem%20card%C3%A1pio%20interativo%20na%20bio%20do%20Instagram.%0A%0AHoje%20muitos%20clientes%20pesquisam%20no%20Google%20antes%20de%20sair%20para%20almo%C3%A7ar%20ou%20pedir%20delivery.%20Trabalho%20com%202%20op%C3%A7%C3%B5es%20bem%20pr%C3%A1ticas%20para%20restaurantes%3A%0A%0A1.%20%F0%9F%93%B1%20Card%C3%A1pio%20Digital%20no%20WhatsApp%20%28o%20cliente%20monta%20o%20pedido%20e%20envia%20pronto%20direto%20pro%20seu%20WhatsApp%20-%20op%C3%A7%C3%A3o%20mais%20econ%C3%B4mica%29.%0A2.%20%F0%9F%92%B3%20Site%20Completo%20com%20Pagamento%20Online%20%28o%20cliente%20faz%20o%20pedido%20e%20realiza%20o%20pagamento%20direto%20pelo%20site%29.%0A%0APosso%20te%20explicar%20rapidinho%20como%20funciona%20e%20te%20passar%20os%20valores%20sem%20compromisso%3F,"R. Visc. do Rio Branco, 2929 - Centro, Cascavel - PR, 85810-180",Centro,Cascavel - PR,"Churrascaria, Restaurante de carne, Bar, Hamburgueria, Restaurante de churrasquinho, Restaurante, Petiscaria",4.4,527,Não,https://www.google.com/maps/place/?q=place_id:ChIJ18vEAATU85QRfhbJ-sq5bUA
23,Picanharia Puerto Gaúcho,(21) 96629-9410,https://wa.me/5521966299410?text=Ol%C3%A1%2C%20tudo%20bem%3F%20Meu%20nome%20%C3%A9%20Leonardo%2C%20trabalho%20com%20cria%C3%A7%C3%A3o%20de%20sites%20e%20card%C3%A1pios%20digitais%20para%20churrascarias.%0A%0AEstava%20no%20Google%20Maps%20e%20vi%20que%20a%20Picanharia%20Puerto%20Ga%C3%BAcho%20tem%20uma%20excelente%20avalia%C3%A7%C3%A3o%20%284.6%20%E2%98%85%20com%20499%20avalia%C3%A7%C3%B5es%21%29%2C%20mas%20notei%20que%20voc%C3%AAs%20ainda%20n%C3%A3o%20possuem%20um%20site%20pr%C3%B3prio%20nem%20card%C3%A1pio%20interativo%20na%20bio%20do%20Instagram.%0A%0AHoje%20muitos%20clientes%20pesquisam%20no%20Google%20antes%20de%20sair%20para%20almo%C3%A7ar%20ou%20pedir%20delivery.%20Trabalho%20com%202%20op%C3%A7%C3%B5es%20bem%20pr%C3%A1ticas%20para%20restaurantes%3A%0A%0A1.%20%F0%9F%93%B1%20Card%C3%A1pio%20Digital%20no%20WhatsApp%20%28o%20cliente%20monta%20o%20pedido%20e%20envia%20pronto%20direto%20pro%20seu%20WhatsApp%20-%20op%C3%A7%C3%A3o%20mais%20econ%C3%B4mica%29.%0A2.%20%F0%9F%92%B3%20Site%20Completo%20com%20Pagamento%20Online%20%28o%20cliente%20faz%20o%20pedido%20e%20realiza%20o%20pagamento%20direto%20pelo%20site%29.%0A%0APosso%20te%20explicar%20rapidinho%20como%20funciona%20e%20te%20passar%20os%20valores%20sem%20compromisso%3F,"Estr. do Pedregoso, 175 - Campo Grande, Rio de Janeiro - RJ, 23095-250",Campo Grande,Rio de Janeiro - RJ,"Restaurante, Churrascaria, Bistrô, Bar",4.6,499,Não,https://www.google.com/maps/place/?q=place_id:ChIJH0TrOX_hmwAROA6Ot9w-6sI
24,Picanha na Pedra e Bar do Zulu,(13) 99100-1298,https://wa.me/5513991001298?text=Ol%C3%A1%2C%20tudo%20bem%3F%20Meu%20nome%20%C3%A9%20Leonardo%2C%20trabalho%20com%20cria%C3%A7%C3%A3o%20de%20sites%20e%20card%C3%A1pios%20digitais%20para%20churrascarias.%0A%0AEstava%20no%20Google%20Maps%20e%20vi%20que%20a%20Picanha%20na%20Pedra%20e%20Bar%20do%20Zulu%20tem%20uma%20excelente%20avalia%C3%A7%C3%A3o%20%284.5%20%E2%98%85%20com%20498%20avalia%C3%A7%C3%B5es%21%29%2C%20mas%20notei%20que%20voc%C3%AAs%20ainda%20n%C3%A3o%20possuem%20um%20site%20pr%C3%B3prio%20nem%20card%C3%A1pio%20interativo%20na%20bio%20do%20Instagram.%0A%0AHoje%20muitos%20clientes%20pesquisam%20no%20Google%20antes%20de%20sair%20para%20almo%C3%A7ar%20ou%20pedir%20delivery.%20Trabalho%20com%202%20op%C3%A7%C3%B5es%20bem%20pr%C3%A1ticas%20para%20restaurantes%3A%0A%0A1.%20%F0%9F%93%B1%20Card%C3%A1pio%20Digital%20no%20WhatsApp%20%28o%20cliente%20monta%20o%20pedido%20e%20envia%20pronto%20direto%20pro%20seu%20WhatsApp%20-%20op%C3%A7%C3%A3o%20mais%20econ%C3%B4mica%29.%0A2.%20%F0%9F%92%B3%20Site%20Completo%20com%20Pagamento%20Online%20%28o%20cliente%20faz%20o%20pedido%20e%20realiza%20o%20pagamento%20direto%20pelo%20site%29.%0A%0APosso%20te%20explicar%20rapidinho%20como%20funciona%20e%20te%20passar%20os%20valores%20sem%20compromisso%3F,"13, R. Copacabana, 495 - 98102-2711R - Guilhermina, Praia Grande - SP, 11701-670",Guilhermina,Praia Grande - SP,Restaurante,4.5,498,Não,https://www.google.com/maps/place/?q=place_id:ChIJ_2MxibUdzpQRuuw2Lhb_4Ng
25,HD espetos,(11) 97392-6142,https://wa.me/5511973926142?text=Ol%C3%A1%2C%20tudo%20bem%3F%20Meu%20nome%20%C3%A9%20Leonardo%2C%20trabalho%20com%20cria%C3%A7%C3%A3o%20de%20sites%20e%20card%C3%A1pios%20digitais%20para%20churrascarias.%0A%0AEstava%20no%20Google%20Maps%20e%20vi%20que%20a%20HD%20espetos%20tem%20uma%20excelente%20avalia%C3%A7%C3%A3o%20%284.5%20%E2%98%85%20com%20497%20avalia%C3%A7%C3%B5es%21%29%2C%20mas%20notei%20que%20voc%C3%AAs%20ainda%20n%C3%A3o%20possuem%20um%20site%20pr%C3%B3prio%20nem%20card%C3%A1pio%20interativo%20na%20bio%20do%20Instagram.%0A%0AHoje%20muitos%20clientes%20pesquisam%20no%20Google%20antes%20de%20sair%20para%20almo%C3%A7ar%20ou%20pedir%20delivery.%20Trabalho%20com%202%20op%C3%A7%C3%B5es%20bem%20pr%C3%A1ticas%20para%20restaurantes%3A%0A%0A1.%20%F0%9F%93%B1%20Card%C3%A1pio%20Digital%20no%20WhatsApp%20%28o%20cliente%20monta%20o%20pedido%20e%20envia%20pronto%20direto%20pro%20seu%20WhatsApp%20-%20op%C3%A7%C3%A3o%20mais%20econ%C3%B4mica%29.%0A2.%20%F0%9F%92%B3%20Site%20Completo%20com%20Pagamento%20Online%20%28o%20cliente%20faz%20o%20pedido%20e%20realiza%20o%20pagamento%20direto%20pelo%20site%29.%0A%0APosso%20te%20explicar%20rapidinho%20como%20funciona%20e%20te%20passar%20os%20valores%20sem%20compromisso%3F,"Av. Carolina de Abreu Paulino, 726 - COHAB - St. C, Itapevi - SP, 06654-140",COHAB - Setor C,Itapevi - SP,Restaurante,4.5,497,Não,https://www.google.com/maps/place/?q=place_id:ChIJsyv8QNUHz5QRSvovCGmy0_o
26,ESPETINHO DO FILÉ,(31) 97556-2875,https://wa.me/5531975562875?text=Ol%C3%A1%2C%20tudo%20bem%3F%20Meu%20nome%20%C3%A9%20Leonardo%2C%20trabalho%20com%20cria%C3%A7%C3%A3o%20de%20sites%20e%20card%C3%A1pios%20digitais%20para%20churrascarias.%0A%0AEstava%20no%20Google%20Maps%20e%20vi%20que%20a%20ESPETINHO%20DO%20FIL%C3%89%20tem%20uma%20excelente%20avalia%C3%A7%C3%A3o%20%284.6%20%E2%98%85%20com%20495%20avalia%C3%A7%C3%B5es%21%29%2C%20mas%20notei%20que%20voc%C3%AAs%20ainda%20n%C3%A3o%20possuem%20um%20site%20pr%C3%B3prio%20nem%20card%C3%A1pio%20interativo%20na%20bio%20do%20Instagram.%0A%0AHoje%20muitos%20clientes%20pesquisam%20no%20Google%20antes%20de%20sair%20para%20almo%C3%A7ar%20ou%20pedir%20delivery.%20Trabalho%20com%202%20op%C3%A7%C3%B5es%20bem%20pr%C3%A1ticas%20para%20restaurantes%3A%0A%0A1.%20%F0%9F%93%B1%20Card%C3%A1pio%20Digital%20no%20WhatsApp%20%28o%20cliente%20monta%20o%20pedido%20e%20envia%20pronto%20direto%20pro%20seu%20WhatsApp%20-%20op%C3%A7%C3%A3o%20mais%20econ%C3%B4mica%29.%0A2.%20%F0%9F%92%B3%20Site%20Completo%20com%20Pagamento%20Online%20%28o%20cliente%20faz%20o%20pedido%20e%20realiza%20o%20pagamento%20direto%20pelo%20site%29.%0A%0APosso%20te%20explicar%20rapidinho%20como%20funciona%20e%20te%20passar%20os%20valores%20sem%20compromisso%3F,"Rua Frei Luiz de Souza, 40 - João Pinheiro, Belo Horizonte - MG, 30530-310",João Pinheiro,Belo Horizonte - MG,Restaurante,4.6,495,Não,https://www.google.com/maps/place/?q=place_id:ChIJj1XThtyXpgARYZhhn5LsV5Y
27,Villa d'Marco Costelaria,(12) 98167-9493,https://wa.me/5512981679493?text=Ol%C3%A1%2C%20tudo%20bem%3F%20Meu%20nome%20%C3%A9%20Leonardo%2C%20trabalho%20com%20cria%C3%A7%C3%A3o%20de%20sites%20e%20card%C3%A1pios%20digitais%20para%20churrascarias.%0A%0AEstava%20no%20Google%20Maps%20e%20vi%20que%20a%20Villa%20d%27Marco%20Costelaria%20tem%20uma%20excelente%20avalia%C3%A7%C3%A3o%20%284.6%20%E2%98%85%20com%20459%20avalia%C3%A7%C3%B5es%21%29%2C%20mas%20notei%20que%20voc%C3%AAs%20ainda%20n%C3%A3o%20possuem%20um%20site%20pr%C3%B3prio%20nem%20card%C3%A1pio%20interativo%20na%20bio%20do%20Instagram.%0A%0AHoje%20muitos%20clientes%20pesquisam%20no%20Google%20antes%20de%20sair%20para%20almo%C3%A7ar%20ou%20pedir%20delivery.%20Trabalho%20com%202%20op%C3%A7%C3%B5es%20bem%20pr%C3%A1ticas%20para%20restaurantes%3A%0A%0A1.%20%F0%9F%93%B1%20Card%C3%A1pio%20Digital%20no%20WhatsApp%20%28o%20cliente%20monta%20o%20pedido%20e%20envia%20pronto%20direto%20pro%20seu%20WhatsApp%20-%20op%C3%A7%C3%A3o%20mais%20econ%C3%B4mica%29.%0A2.%20%F0%9F%92%B3%20Site%20Completo%20com%20Pagamento%20Online%20%28o%20cliente%20faz%20o%20pedido%20e%20realiza%20o%20pagamento%20direto%20pelo%20site%29.%0A%0APosso%20te%20explicar%20rapidinho%20como%20funciona%20e%20te%20passar%20os%20valores%20sem%20compromisso%3F,"R. República de Israel, 273 - Jardim Oswaldo Cruz, São José dos Campos - SP, 12216-620",Jardim Oswaldo Cruz,São José dos Campos - SP,Restaurante,4.6,459,Não,https://www.google.com/maps/place/?q=place_id:ChIJyyiSa1U1zJQRKHZbBC9glQc
28,Maria e Jose Parrilla,(16) 99713-0782,https://wa.me/5516997130782?text=Ol%C3%A1%2C%20tudo%20bem%3F%20Meu%20nome%20%C3%A9%20Leonardo%2C%20trabalho%20com%20cria%C3%A7%C3%A3o%20de%20sites%20e%20card%C3%A1pios%20digitais%20para%20churrascarias.%0A%0AEstava%20no%20Google%20Maps%20e%20vi%20que%20a%20Maria%20e%20Jose%20Parrilla%20tem%20uma%20excelente%20avalia%C3%A7%C3%A3o%20%284.5%20%E2%98%85%20com%20425%20avalia%C3%A7%C3%B5es%21%29%2C%20mas%20notei%20que%20voc%C3%AAs%20ainda%20n%C3%A3o%20possuem%20um%20site%20pr%C3%B3prio%20nem%20card%C3%A1pio%20interativo%20na%20bio%20do%20Instagram.%0A%0AHoje%20muitos%20clientes%20pesquisam%20no%20Google%20antes%20de%20sair%20para%20almo%C3%A7ar%20ou%20pedir%20delivery.%20Trabalho%20com%202%20op%C3%A7%C3%B5es%20bem%20pr%C3%A1ticas%20para%20restaurantes%3A%0A%0A1.%20%F0%9F%93%B1%20Card%C3%A1pio%20Digital%20no%20WhatsApp%20%28o%20cliente%20monta%20o%20pedido%20e%20envia%20pronto%20direto%20pro%20seu%20WhatsApp%20-%20op%C3%A7%C3%A3o%20mais%20econ%C3%B4mica%29.%0A2.%20%F0%9F%92%B3%20Site%20Completo%20com%20Pagamento%20Online%20%28o%20cliente%20faz%20o%20pedido%20e%20realiza%20o%20pagamento%20direto%20pelo%20site%29.%0A%0APosso%20te%20explicar%20rapidinho%20como%20funciona%20e%20te%20passar%20os%20valores%20sem%20compromisso%3F,"R. Voluntários da Pátria, 1505 - Centro, Araraquara - SP, 14801-320",Centro,Araraquara - SP,Restaurante argentino,4.5,425,Não,https://www.google.com/maps/place/?q=place_id:ChIJhZcldjHzuJQRBuUKvfGPPCE
29,Bison Steakhouse,(14) 99763-1088,https://wa.me/5514997631088?text=Ol%C3%A1%2C%20tudo%20bem%3F%20Meu%20nome%20%C3%A9%20Leonardo%2C%20trabalho%20com%20cria%C3%A7%C3%A3o%20de%20sites%20e%20card%C3%A1pios%20digitais%20para%20churrascarias.%0A%0AEstava%20no%20Google%20Maps%20e%20vi%20que%20a%20Bison%20Steakhouse%20tem%20uma%20excelente%20avalia%C3%A7%C3%A3o%20%284.7%20%E2%98%85%20com%20408%20avalia%C3%A7%C3%B5es%21%29%2C%20mas%20notei%20que%20voc%C3%AAs%20ainda%20n%C3%A3o%20possuem%20um%20site%20pr%C3%B3prio%20nem%20card%C3%A1pio%20interativo%20na%20bio%20do%20Instagram.%0A%0AHoje%20muitos%20clientes%20pesquisam%20no%20Google%20antes%20de%20sair%20para%20almo%C3%A7ar%20ou%20pedir%20delivery.%20Trabalho%20com%202%20op%C3%A7%C3%B5es%20bem%20pr%C3%A1ticas%20para%20restaurantes%3A%0A%0A1.%20%F0%9F%93%B1%20Card%C3%A1pio%20Digital%20no%20WhatsApp%20%28o%20cliente%20monta%20o%20pedido%20e%20envia%20pronto%20direto%20pro%20seu%20WhatsApp%20-%20op%C3%A7%C3%A3o%20mais%20econ%C3%B4mica%29.%0A2.%20%F0%9F%92%B3%20Site%20Completo%20com%20Pagamento%20Online%20%28o%20cliente%20faz%20o%20pedido%20e%20realiza%20o%20pagamento%20direto%20pelo%20site%29.%0A%0APosso%20te%20explicar%20rapidinho%20como%20funciona%20e%20te%20passar%20os%20valores%20sem%20compromisso%3F,"Av. Nossa Sra. de Fátima, 19-49 - Jardim Europa, Bauru - SP, 17017-337",Jardim Europa,Bauru - SP,Restaurante,4.7,408,Não,https://www.google.com/maps/place/?q=place_id:ChIJUd1j6ZBnv5QRq9TbteQTjJM
30,Milló Churrasco na Brasa,(11) 94079-6750,https://wa.me/5511940796750?text=Ol%C3%A1%2C%20tudo%20bem%3F%20Meu%20nome%20%C3%A9%20Leonardo%2C%20trabalho%20com%20cria%C3%A7%C3%A3o%20de%20sites%20e%20card%C3%A1pios%20digitais%20para%20churrascarias.%0A%0AEstava%20no%20Google%20Maps%20e%20vi%20que%20a%20Mill%C3%B3%20Churrasco%20na%20Brasa%20tem%20uma%20excelente%20avalia%C3%A7%C3%A3o%20%284.5%20%E2%98%85%20com%20392%20avalia%C3%A7%C3%B5es%21%29%2C%20mas%20notei%20que%20voc%C3%AAs%20ainda%20n%C3%A3o%20possuem%20um%20site%20pr%C3%B3prio%20nem%20card%C3%A1pio%20interativo%20na%20bio%20do%20Instagram.%0A%0AHoje%20muitos%20clientes%20pesquisam%20no%20Google%20antes%20de%20sair%20para%20almo%C3%A7ar%20ou%20pedir%20delivery.%20Trabalho%20com%202%20op%C3%A7%C3%B5es%20bem%20pr%C3%A1ticas%20para%20restaurantes%3A%0A%0A1.%20%F0%9F%93%B1%20Card%C3%A1pio%20Digital%20no%20WhatsApp%20%28o%20cliente%20monta%20o%20pedido%20e%20envia%20pronto%20direto%20pro%20seu%20WhatsApp%20-%20op%C3%A7%C3%A3o%20mais%20econ%C3%B4mica%29.%0A2.%20%F0%9F%92%B3%20Site%20Completo%20com%20Pagamento%20Online%20%28o%20cliente%20faz%20o%20pedido%20e%20realiza%20o%20pagamento%20direto%20pelo%20site%29.%0A%0APosso%20te%20explicar%20rapidinho%20como%20funciona%20e%20te%20passar%20os%20valores%20sem%20compromisso%3F,"Alameda Santos, 831 - Jardim Paulista, São Paulo - SP, 01419-001",Jardim Paulista,São Paulo - SP,"Restaurante, Restaurante self-service",4.5,392,Não,https://www.google.com/maps/place/?q=place_id:ChIJueHW1dNZzpQR_fcukFJMSkw
31,Bar e Restaurante Galeria Grill,(38) 98809-0593,https://wa.me/5538988090593?text=Ol%C3%A1%2C%20tudo%20bem%3F%20Meu%20nome%20%C3%A9%20Leonardo%2C%20trabalho%20com%20cria%C3%A7%C3%A3o%20de%20sites%20e%20card%C3%A1pios%20digitais%20para%20churrascarias.%0A%0AEstava%20no%20Google%20Maps%20e%20vi%20que%20a%20Bar%20e%20Restaurante%20Galeria%20Grill%20tem%20uma%20excelente%20avalia%C3%A7%C3%A3o%20%284.7%20%E2%98%85%20com%20382%20avalia%C3%A7%C3%B5es%21%29%2C%20mas%20notei%20que%20voc%C3%AAs%20ainda%20n%C3%A3o%20possuem%20um%20site%20pr%C3%B3prio%20nem%20card%C3%A1pio%20interativo%20na%20bio%20do%20Instagram.%0A%0AHoje%20muitos%20clientes%20pesquisam%20no%20Google%20antes%20de%20sair%20para%20almo%C3%A7ar%20ou%20pedir%20delivery.%20Trabalho%20com%202%20op%C3%A7%C3%B5es%20bem%20pr%C3%A1ticas%20para%20restaurantes%3A%0A%0A1.%20%F0%9F%93%B1%20Card%C3%A1pio%20Digital%20no%20WhatsApp%20%28o%20cliente%20monta%20o%20pedido%20e%20envia%20pronto%20direto%20pro%20seu%20WhatsApp%20-%20op%C3%A7%C3%A3o%20mais%20econ%C3%B4mica%29.%0A2.%20%F0%9F%92%B3%20Site%20Completo%20com%20Pagamento%20Online%20%28o%20cliente%20faz%20o%20pedido%20e%20realiza%20o%20pagamento%20direto%20pelo%20site%29.%0A%0APosso%20te%20explicar%20rapidinho%20como%20funciona%20e%20te%20passar%20os%20valores%20sem%20compromisso%3F,"Av. Manoel Magalhaes Filho, 192 - Jardim Palmeiras, Montes Claros - MG, 39402-518",Jardim Palmeiras,Montes Claros - MG,"Churrascaria, Restaurante, Bar",4.7,382,Não,https://www.google.com/maps/place/?q=place_id:ChIJheOJcWVVqwARt3kVWQfn_W0
32,Churrasco Da Lu,(13) 98871-5445,https://wa.me/5513988715445?text=Ol%C3%A1%2C%20tudo%20bem%3F%20Meu%20nome%20%C3%A9%20Leonardo%2C%20trabalho%20com%20cria%C3%A7%C3%A3o%20de%20sites%20e%20card%C3%A1pios%20digitais%20para%20churrascarias.%0A%0AEstava%20no%20Google%20Maps%20e%20vi%20que%20a%20Churrasco%20Da%20Lu%20tem%20uma%20excelente%20avalia%C3%A7%C3%A3o%20%284.5%20%E2%98%85%20com%20380%20avalia%C3%A7%C3%B5es%21%29%2C%20mas%20notei%20que%20voc%C3%AAs%20ainda%20n%C3%A3o%20possuem%20um%20site%20pr%C3%B3prio%20nem%20card%C3%A1pio%20interativo%20na%20bio%20do%20Instagram.%0A%0AHoje%20muitos%20clientes%20pesquisam%20no%20Google%20antes%20de%20sair%20para%20almo%C3%A7ar%20ou%20pedir%20delivery.%20Trabalho%20com%202%20op%C3%A7%C3%B5es%20bem%20pr%C3%A1ticas%20para%20restaurantes%3A%0A%0A1.%20%F0%9F%93%B1%20Card%C3%A1pio%20Digital%20no%20WhatsApp%20%28o%20cliente%20monta%20o%20pedido%20e%20envia%20pronto%20direto%20pro%20seu%20WhatsApp%20-%20op%C3%A7%C3%A3o%20mais%20econ%C3%B4mica%29.%0A2.%20%F0%9F%92%B3%20Site%20Completo%20com%20Pagamento%20Online%20%28o%20cliente%20faz%20o%20pedido%20e%20realiza%20o%20pagamento%20direto%20pelo%20site%29.%0A%0APosso%20te%20explicar%20rapidinho%20como%20funciona%20e%20te%20passar%20os%20valores%20sem%20compromisso%3F,"R. Cel. Silva Telles, 1493 - Parque Sao Vicente, São Vicente - SP, 11355-420",Parque Sao Vicente,São Vicente - SP,Restaurante de churrasquinho,4.5,380,Não,https://www.google.com/maps/place/?q=place_id:ChIJSzs_WJwbzpQRucbjXNS1FT0
33,Restaurante e churrascaria trem bom de Minas,(31) 99612-9774,https://wa.me/5531996129774?text=Ol%C3%A1%2C%20tudo%20bem%3F%20Meu%20nome%20%C3%A9%20Leonardo%2C%20trabalho%20com%20cria%C3%A7%C3%A3o%20de%20sites%20e%20card%C3%A1pios%20digitais%20para%20churrascarias.%0A%0AEstava%20no%20Google%20Maps%20e%20vi%20que%20a%20Restaurante%20e%20churrascaria%20trem%20bom%20de%20Minas%20tem%20uma%20excelente%20avalia%C3%A7%C3%A3o%20%284.0%20%E2%98%85%20com%20368%20avalia%C3%A7%C3%B5es%21%29%2C%20mas%20notei%20que%20voc%C3%AAs%20ainda%20n%C3%A3o%20possuem%20um%20site%20pr%C3%B3prio%20nem%20card%C3%A1pio%20interativo%20na%20bio%20do%20Instagram.%0A%0AHoje%20muitos%20clientes%20pesquisam%20no%20Google%20antes%20de%20sair%20para%20almo%C3%A7ar%20ou%20pedir%20delivery.%20Trabalho%20com%202%20op%C3%A7%C3%B5es%20bem%20pr%C3%A1ticas%20para%20restaurantes%3A%0A%0A1.%20%F0%9F%93%B1%20Card%C3%A1pio%20Digital%20no%20WhatsApp%20%28o%20cliente%20monta%20o%20pedido%20e%20envia%20pronto%20direto%20pro%20seu%20WhatsApp%20-%20op%C3%A7%C3%A3o%20mais%20econ%C3%B4mica%29.%0A2.%20%F0%9F%92%B3%20Site%20Completo%20com%20Pagamento%20Online%20%28o%20cliente%20faz%20o%20pedido%20e%20realiza%20o%20pagamento%20direto%20pelo%20site%29.%0A%0APosso%20te%20explicar%20rapidinho%20como%20funciona%20e%20te%20passar%20os%20valores%20sem%20compromisso%3F,"R. das Falcatas, 16 - Jardim das Alterosas - 1A Secao, Betim - MG, 32671-060",Jardim das Alterosas - 1A Secao,Betim - MG,Restaurante,4.0,368,Não,https://www.google.com/maps/place/?q=place_id:ChIJtcnqeUnBpgARlZriUi4KxAk
34,Churrascaria 120,(19) 99736-5080,https://wa.me/5519997365080?text=Ol%C3%A1%2C%20tudo%20bem%3F%20Meu%20nome%20%C3%A9%20Leonardo%2C%20trabalho%20com%20cria%C3%A7%C3%A3o%20de%20sites%20e%20card%C3%A1pios%20digitais%20para%20churrascarias.%0A%0AEstava%20no%20Google%20Maps%20e%20vi%20que%20a%20Churrascaria%20120%20tem%20uma%20excelente%20avalia%C3%A7%C3%A3o%20%284.5%20%E2%98%85%20com%20344%20avalia%C3%A7%C3%B5es%21%29%2C%20mas%20notei%20que%20voc%C3%AAs%20ainda%20n%C3%A3o%20possuem%20um%20site%20pr%C3%B3prio%20nem%20card%C3%A1pio%20interativo%20na%20bio%20do%20Instagram.%0A%0AHoje%20muitos%20clientes%20pesquisam%20no%20Google%20antes%20de%20sair%20para%20almo%C3%A7ar%20ou%20pedir%20delivery.%20Trabalho%20com%202%20op%C3%A7%C3%B5es%20bem%20pr%C3%A1ticas%20para%20restaurantes%3A%0A%0A1.%20%F0%9F%93%B1%20Card%C3%A1pio%20Digital%20no%20WhatsApp%20%28o%20cliente%20monta%20o%20pedido%20e%20envia%20pronto%20direto%20pro%20seu%20WhatsApp%20-%20op%C3%A7%C3%A3o%20mais%20econ%C3%B4mica%29.%0A2.%20%F0%9F%92%B3%20Site%20Completo%20com%20Pagamento%20Online%20%28o%20cliente%20faz%20o%20pedido%20e%20realiza%20o%20pagamento%20direto%20pelo%20site%29.%0A%0APosso%20te%20explicar%20rapidinho%20como%20funciona%20e%20te%20passar%20os%20valores%20sem%20compromisso%3F,"BR-050, Estr. Mun. Praia Azul, 151, Americana - SP, 13476-010",Centro,Americana - SP,Churrascaria,4.5,344,Não,https://www.google.com/maps/place/?q=place_id:ChIJ65RWytqXyJQRP4HphdlE9jo
35,Murruga Grill,(11) 94202-1590,https://wa.me/5511942021590?text=Ol%C3%A1%2C%20tudo%20bem%3F%20Meu%20nome%20%C3%A9%20Leonardo%2C%20trabalho%20com%20cria%C3%A7%C3%A3o%20de%20sites%20e%20card%C3%A1pios%20digitais%20para%20churrascarias.%0A%0AEstava%20no%20Google%20Maps%20e%20vi%20que%20a%20Murruga%20Grill%20tem%20uma%20excelente%20avalia%C3%A7%C3%A3o%20%284.5%20%E2%98%85%20com%20341%20avalia%C3%A7%C3%B5es%21%29%2C%20mas%20notei%20que%20voc%C3%AAs%20ainda%20n%C3%A3o%20possuem%20um%20site%20pr%C3%B3prio%20nem%20card%C3%A1pio%20interativo%20na%20bio%20do%20Instagram.%0A%0AHoje%20muitos%20clientes%20pesquisam%20no%20Google%20antes%20de%20sair%20para%20almo%C3%A7ar%20ou%20pedir%20delivery.%20Trabalho%20com%202%20op%C3%A7%C3%B5es%20bem%20pr%C3%A1ticas%20para%20restaurantes%3A%0A%0A1.%20%F0%9F%93%B1%20Card%C3%A1pio%20Digital%20no%20WhatsApp%20%28o%20cliente%20monta%20o%20pedido%20e%20envia%20pronto%20direto%20pro%20seu%20WhatsApp%20-%20op%C3%A7%C3%A3o%20mais%20econ%C3%B4mica%29.%0A2.%20%F0%9F%92%B3%20Site%20Completo%20com%20Pagamento%20Online%20%28o%20cliente%20faz%20o%20pedido%20e%20realiza%20o%20pagamento%20direto%20pelo%20site%29.%0A%0APosso%20te%20explicar%20rapidinho%20como%20funciona%20e%20te%20passar%20os%20valores%20sem%20compromisso%3F,"R. Francisco Maciel, 48 - Cidade Nova Jacareí, Jacareí - SP, 12325-210",Cidade Nova Jacareí,Jacareí - SP,"Restaurante, Churrascaria",4.5,341,Não,https://www.google.com/maps/place/?q=place_id:ChIJqUWrwtfMzZQRyqh9fRXeJ5k
36,Restaurante Ranchão Gaúcho,(11) 98515-1863,https://wa.me/5511985151863?text=Ol%C3%A1%2C%20tudo%20bem%3F%20Meu%20nome%20%C3%A9%20Leonardo%2C%20trabalho%20com%20cria%C3%A7%C3%A3o%20de%20sites%20e%20card%C3%A1pios%20digitais%20para%20churrascarias.%0A%0AEstava%20no%20Google%20Maps%20e%20vi%20que%20a%20Restaurante%20Ranch%C3%A3o%20Ga%C3%BAcho%20tem%20uma%20excelente%20avalia%C3%A7%C3%A3o%20%284.4%20%E2%98%85%20com%20329%20avalia%C3%A7%C3%B5es%21%29%2C%20mas%20notei%20que%20voc%C3%AAs%20ainda%20n%C3%A3o%20possuem%20um%20site%20pr%C3%B3prio%20nem%20card%C3%A1pio%20interativo%20na%20bio%20do%20Instagram.%0A%0AHoje%20muitos%20clientes%20pesquisam%20no%20Google%20antes%20de%20sair%20para%20almo%C3%A7ar%20ou%20pedir%20delivery.%20Trabalho%20com%202%20op%C3%A7%C3%B5es%20bem%20pr%C3%A1ticas%20para%20restaurantes%3A%0A%0A1.%20%F0%9F%93%B1%20Card%C3%A1pio%20Digital%20no%20WhatsApp%20%28o%20cliente%20monta%20o%20pedido%20e%20envia%20pronto%20direto%20pro%20seu%20WhatsApp%20-%20op%C3%A7%C3%A3o%20mais%20econ%C3%B4mica%29.%0A2.%20%F0%9F%92%B3%20Site%20Completo%20com%20Pagamento%20Online%20%28o%20cliente%20faz%20o%20pedido%20e%20realiza%20o%20pagamento%20direto%20pelo%20site%29.%0A%0APosso%20te%20explicar%20rapidinho%20como%20funciona%20e%20te%20passar%20os%20valores%20sem%20compromisso%3F,"Estr. do Gopiúva, 828 - Vila da Oportunidade, Carapicuíba - SP, 06330-000",Vila da Oportunidade,Carapicuíba - SP,Churrascaria,4.4,329,Não,https://www.google.com/maps/place/?q=place_id:ChIJbwdzwNj_zpQRYY1gNej4TKg
37,Churrascaria Do Tchê,(11) 95043-3316,https://wa.me/5511950433316?text=Ol%C3%A1%2C%20tudo%20bem%3F%20Meu%20nome%20%C3%A9%20Leonardo%2C%20trabalho%20com%20cria%C3%A7%C3%A3o%20de%20sites%20e%20card%C3%A1pios%20digitais%20para%20churrascarias.%0A%0AEstava%20no%20Google%20Maps%20e%20vi%20que%20a%20Churrascaria%20Do%20Tch%C3%AA%20tem%20uma%20excelente%20avalia%C3%A7%C3%A3o%20%284.0%20%E2%98%85%20com%20329%20avalia%C3%A7%C3%B5es%21%29%2C%20mas%20notei%20que%20voc%C3%AAs%20ainda%20n%C3%A3o%20possuem%20um%20site%20pr%C3%B3prio%20nem%20card%C3%A1pio%20interativo%20na%20bio%20do%20Instagram.%0A%0AHoje%20muitos%20clientes%20pesquisam%20no%20Google%20antes%20de%20sair%20para%20almo%C3%A7ar%20ou%20pedir%20delivery.%20Trabalho%20com%202%20op%C3%A7%C3%B5es%20bem%20pr%C3%A1ticas%20para%20restaurantes%3A%0A%0A1.%20%F0%9F%93%B1%20Card%C3%A1pio%20Digital%20no%20WhatsApp%20%28o%20cliente%20monta%20o%20pedido%20e%20envia%20pronto%20direto%20pro%20seu%20WhatsApp%20-%20op%C3%A7%C3%A3o%20mais%20econ%C3%B4mica%29.%0A2.%20%F0%9F%92%B3%20Site%20Completo%20com%20Pagamento%20Online%20%28o%20cliente%20faz%20o%20pedido%20e%20realiza%20o%20pagamento%20direto%20pelo%20site%29.%0A%0APosso%20te%20explicar%20rapidinho%20como%20funciona%20e%20te%20passar%20os%20valores%20sem%20compromisso%3F,"R. Joaquim Leite dos Santos, 50 - Centro, Itapevi - SP, 06657-050",Centro,Itapevi - SP,Churrascaria,4.0,329,Não,https://www.google.com/maps/place/?q=place_id:ChIJkb3riQ8Hz5QR_bv9_E84gQU
38,Churrasco do Robinho,(21) 96429-6262,https://wa.me/5521964296262?text=Ol%C3%A1%2C%20tudo%20bem%3F%20Meu%20nome%20%C3%A9%20Leonardo%2C%20trabalho%20com%20cria%C3%A7%C3%A3o%20de%20sites%20e%20card%C3%A1pios%20digitais%20para%20churrascarias.%0A%0AEstava%20no%20Google%20Maps%20e%20vi%20que%20a%20Churrasco%20do%20Robinho%20tem%20uma%20excelente%20avalia%C3%A7%C3%A3o%20%284.6%20%E2%98%85%20com%20310%20avalia%C3%A7%C3%B5es%21%29%2C%20mas%20notei%20que%20voc%C3%AAs%20ainda%20n%C3%A3o%20possuem%20um%20site%20pr%C3%B3prio%20nem%20card%C3%A1pio%20interativo%20na%20bio%20do%20Instagram.%0A%0AHoje%20muitos%20clientes%20pesquisam%20no%20Google%20antes%20de%20sair%20para%20almo%C3%A7ar%20ou%20pedir%20delivery.%20Trabalho%20com%202%20op%C3%A7%C3%B5es%20bem%20pr%C3%A1ticas%20para%20restaurantes%3A%0A%0A1.%20%F0%9F%93%B1%20Card%C3%A1pio%20Digital%20no%20WhatsApp%20%28o%20cliente%20monta%20o%20pedido%20e%20envia%20pronto%20direto%20pro%20seu%20WhatsApp%20-%20op%C3%A7%C3%A3o%20mais%20econ%C3%B4mica%29.%0A2.%20%F0%9F%92%B3%20Site%20Completo%20com%20Pagamento%20Online%20%28o%20cliente%20faz%20o%20pedido%20e%20realiza%20o%20pagamento%20direto%20pelo%20site%29.%0A%0APosso%20te%20explicar%20rapidinho%20como%20funciona%20e%20te%20passar%20os%20valores%20sem%20compromisso%3F,"Em frente ao - R. André Rocha, 2637 - Curicica, Rio de Janeiro - RJ, 22710-483",Curicica,"R. André Rocha, 2637 - Curicica",Restaurante,4.6,310,Não,https://www.google.com/maps/place/?q=place_id:ChIJdxDOTZLZmwARWRFBsfj5ZbM
39,Casa Do Espeto Grill,(11) 94728-3040,https://wa.me/5511947283040?text=Ol%C3%A1%2C%20tudo%20bem%3F%20Meu%20nome%20%C3%A9%20Leonardo%2C%20trabalho%20com%20cria%C3%A7%C3%A3o%20de%20sites%20e%20card%C3%A1pios%20digitais%20para%20churrascarias.%0A%0AEstava%20no%20Google%20Maps%20e%20vi%20que%20a%20Casa%20Do%20Espeto%20Grill%20tem%20uma%20excelente%20avalia%C3%A7%C3%A3o%20%284.5%20%E2%98%85%20com%20281%20avalia%C3%A7%C3%B5es%21%29%2C%20mas%20notei%20que%20voc%C3%AAs%20ainda%20n%C3%A3o%20possuem%20um%20site%20pr%C3%B3prio%20nem%20card%C3%A1pio%20interativo%20na%20bio%20do%20Instagram.%0A%0AHoje%20muitos%20clientes%20pesquisam%20no%20Google%20antes%20de%20sair%20para%20almo%C3%A7ar%20ou%20pedir%20delivery.%20Trabalho%20com%202%20op%C3%A7%C3%B5es%20bem%20pr%C3%A1ticas%20para%20restaurantes%3A%0A%0A1.%20%F0%9F%93%B1%20Card%C3%A1pio%20Digital%20no%20WhatsApp%20%28o%20cliente%20monta%20o%20pedido%20e%20envia%20pronto%20direto%20pro%20seu%20WhatsApp%20-%20op%C3%A7%C3%A3o%20mais%20econ%C3%B4mica%29.%0A2.%20%F0%9F%92%B3%20Site%20Completo%20com%20Pagamento%20Online%20%28o%20cliente%20faz%20o%20pedido%20e%20realiza%20o%20pagamento%20direto%20pelo%20site%29.%0A%0APosso%20te%20explicar%20rapidinho%20como%20funciona%20e%20te%20passar%20os%20valores%20sem%20compromisso%3F,"Av. Inocêncio Seráfico, 4000 - Centro, Carapicuíba - SP, 06360-230",Centro,Carapicuíba - SP,Restaurante de churrasquinho,4.5,281,Não,https://www.google.com/maps/place/?q=place_id:ChIJPz8T9TwAz5QRjk0504dF09g
40,Mamute Parrilla y Cocina - Indaiatuba,(19) 99120-9734,https://wa.me/5519991209734?text=Ol%C3%A1%2C%20tudo%20bem%3F%20Meu%20nome%20%C3%A9%20Leonardo%2C%20trabalho%20com%20cria%C3%A7%C3%A3o%20de%20sites%20e%20card%C3%A1pios%20digitais%20para%20churrascarias.%0A%0AEstava%20no%20Google%20Maps%20e%20vi%20que%20a%20Mamute%20Parrilla%20y%20Cocina%20-%20Indaiatuba%20tem%20uma%20excelente%20avalia%C3%A7%C3%A3o%20%284.8%20%E2%98%85%20com%20254%20avalia%C3%A7%C3%B5es%21%29%2C%20mas%20notei%20que%20voc%C3%AAs%20ainda%20n%C3%A3o%20possuem%20um%20site%20pr%C3%B3prio%20nem%20card%C3%A1pio%20interativo%20na%20bio%20do%20Instagram.%0A%0AHoje%20muitos%20clientes%20pesquisam%20no%20Google%20antes%20de%20sair%20para%20almo%C3%A7ar%20ou%20pedir%20delivery.%20Trabalho%20com%202%20op%C3%A7%C3%B5es%20bem%20pr%C3%A1ticas%20para%20restaurantes%3A%0A%0A1.%20%F0%9F%93%B1%20Card%C3%A1pio%20Digital%20no%20WhatsApp%20%28o%20cliente%20monta%20o%20pedido%20e%20envia%20pronto%20direto%20pro%20seu%20WhatsApp%20-%20op%C3%A7%C3%A3o%20mais%20econ%C3%B4mica%29.%0A2.%20%F0%9F%92%B3%20Site%20Completo%20com%20Pagamento%20Online%20%28o%20cliente%20faz%20o%20pedido%20e%20realiza%20o%20pagamento%20direto%20pelo%20site%29.%0A%0APosso%20te%20explicar%20rapidinho%20como%20funciona%20e%20te%20passar%20os%20valores%20sem%20compromisso%3F,"R. Ademar de Barros, 342 - Centro, Indaiatuba - SP, 13330-130",Centro,Indaiatuba - SP,"Churrascaria, Restaurante argentino, Restaurante",4.8,254,Não,https://www.google.com/maps/place/?q=place_id:ChIJN6mGLT61yJQRj5qsl_A4z9I
41,A Lenda Brasa Churrasco | Restaurante e Empório de Carne,(11) 99500-1020,https://wa.me/5511995001020?text=Ol%C3%A1%2C%20tudo%20bem%3F%20Meu%20nome%20%C3%A9%20Leonardo%2C%20trabalho%20com%20cria%C3%A7%C3%A3o%20de%20sites%20e%20card%C3%A1pios%20digitais%20para%20churrascarias.%0A%0AEstava%20no%20Google%20Maps%20e%20vi%20que%20a%20A%20Lenda%20Brasa%20Churrasco%20%7C%20Restaurante%20e%20Emp%C3%B3rio%20de%20Carne%20tem%20uma%20excelente%20avalia%C3%A7%C3%A3o%20%284.8%20%E2%98%85%20com%20240%20avalia%C3%A7%C3%B5es%21%29%2C%20mas%20notei%20que%20voc%C3%AAs%20ainda%20n%C3%A3o%20possuem%20um%20site%20pr%C3%B3prio%20nem%20card%C3%A1pio%20interativo%20na%20bio%20do%20Instagram.%0A%0AHoje%20muitos%20clientes%20pesquisam%20no%20Google%20antes%20de%20sair%20para%20almo%C3%A7ar%20ou%20pedir%20delivery.%20Trabalho%20com%202%20op%C3%A7%C3%B5es%20bem%20pr%C3%A1ticas%20para%20restaurantes%3A%0A%0A1.%20%F0%9F%93%B1%20Card%C3%A1pio%20Digital%20no%20WhatsApp%20%28o%20cliente%20monta%20o%20pedido%20e%20envia%20pronto%20direto%20pro%20seu%20WhatsApp%20-%20op%C3%A7%C3%A3o%20mais%20econ%C3%B4mica%29.%0A2.%20%F0%9F%92%B3%20Site%20Completo%20com%20Pagamento%20Online%20%28o%20cliente%20faz%20o%20pedido%20e%20realiza%20o%20pagamento%20direto%20pelo%20site%29.%0A%0APosso%20te%20explicar%20rapidinho%20como%20funciona%20e%20te%20passar%20os%20valores%20sem%20compromisso%3F,"Avenida Andrômeda, 885 Brascan Century Plaza - piso 1, loja 104 e 105 - Alphaville, Barueri - SP, 06473-000",Alphaville,loja 104 e 105 - Alphaville,"Restaurante especializado em carnes, Churrascaria, Açougue gourmet, Centro de diversões infantil, Açougue, Empório gourmet",4.8,240,Não,https://www.google.com/maps/place/?q=place_id:ChIJYbikRx4Dz5QRUPf2K5TUTpQ
42,Restaurante Churrascaria e Pizzaria Galpão Grill,(11) 97409-6554,https://wa.me/5511974096554?text=Ol%C3%A1%2C%20tudo%20bem%3F%20Meu%20nome%20%C3%A9%20Leonardo%2C%20trabalho%20com%20cria%C3%A7%C3%A3o%20de%20sites%20e%20card%C3%A1pios%20digitais%20para%20churrascarias.%0A%0AEstava%20no%20Google%20Maps%20e%20vi%20que%20a%20Restaurante%20Churrascaria%20e%20Pizzaria%20Galp%C3%A3o%20Grill%20tem%20uma%20excelente%20avalia%C3%A7%C3%A3o%20%284.6%20%E2%98%85%20com%20231%20avalia%C3%A7%C3%B5es%21%29%2C%20mas%20notei%20que%20voc%C3%AAs%20ainda%20n%C3%A3o%20possuem%20um%20site%20pr%C3%B3prio%20nem%20card%C3%A1pio%20interativo%20na%20bio%20do%20Instagram.%0A%0AHoje%20muitos%20clientes%20pesquisam%20no%20Google%20antes%20de%20sair%20para%20almo%C3%A7ar%20ou%20pedir%20delivery.%20Trabalho%20com%202%20op%C3%A7%C3%B5es%20bem%20pr%C3%A1ticas%20para%20restaurantes%3A%0A%0A1.%20%F0%9F%93%B1%20Card%C3%A1pio%20Digital%20no%20WhatsApp%20%28o%20cliente%20monta%20o%20pedido%20e%20envia%20pronto%20direto%20pro%20seu%20WhatsApp%20-%20op%C3%A7%C3%A3o%20mais%20econ%C3%B4mica%29.%0A2.%20%F0%9F%92%B3%20Site%20Completo%20com%20Pagamento%20Online%20%28o%20cliente%20faz%20o%20pedido%20e%20realiza%20o%20pagamento%20direto%20pelo%20site%29.%0A%0APosso%20te%20explicar%20rapidinho%20como%20funciona%20e%20te%20passar%20os%20valores%20sem%20compromisso%3F,"SPA 009/010 - Souzas, Bragança Paulista - SP, 12935-000",Centro,Bragança Paulista - SP,Restaurante,4.6,231,Não,https://www.google.com/maps/place/?q=place_id:ChIJgyt_tYm1zpQRsR24jxR8FLc
43,Espeto na Veia,(31) 98382-5006,https://wa.me/5531983825006?text=Ol%C3%A1%2C%20tudo%20bem%3F%20Meu%20nome%20%C3%A9%20Leonardo%2C%20trabalho%20com%20cria%C3%A7%C3%A3o%20de%20sites%20e%20card%C3%A1pios%20digitais%20para%20churrascarias.%0A%0AEstava%20no%20Google%20Maps%20e%20vi%20que%20a%20Espeto%20na%20Veia%20tem%20uma%20excelente%20avalia%C3%A7%C3%A3o%20%284.4%20%E2%98%85%20com%20193%20avalia%C3%A7%C3%B5es%21%29%2C%20mas%20notei%20que%20voc%C3%AAs%20ainda%20n%C3%A3o%20possuem%20um%20site%20pr%C3%B3prio%20nem%20card%C3%A1pio%20interativo%20na%20bio%20do%20Instagram.%0A%0AHoje%20muitos%20clientes%20pesquisam%20no%20Google%20antes%20de%20sair%20para%20almo%C3%A7ar%20ou%20pedir%20delivery.%20Trabalho%20com%202%20op%C3%A7%C3%B5es%20bem%20pr%C3%A1ticas%20para%20restaurantes%3A%0A%0A1.%20%F0%9F%93%B1%20Card%C3%A1pio%20Digital%20no%20WhatsApp%20%28o%20cliente%20monta%20o%20pedido%20e%20envia%20pronto%20direto%20pro%20seu%20WhatsApp%20-%20op%C3%A7%C3%A3o%20mais%20econ%C3%B4mica%29.%0A2.%20%F0%9F%92%B3%20Site%20Completo%20com%20Pagamento%20Online%20%28o%20cliente%20faz%20o%20pedido%20e%20realiza%20o%20pagamento%20direto%20pelo%20site%29.%0A%0APosso%20te%20explicar%20rapidinho%20como%20funciona%20e%20te%20passar%20os%20valores%20sem%20compromisso%3F,"R. Rio Grande do Sul, 1323 - Santo Agostinho, Belo Horizonte - MG, 30170-111",Santo Agostinho,Belo Horizonte - MG,"Churrascaria, Bar e Grill",4.4,193,Não,https://www.google.com/maps/place/?q=place_id:ChIJW1axpGCXpgAR83k-y3a4TPw
44,Picanha Grill na Brasa,(19) 99908-8825,https://wa.me/5519999088825?text=Ol%C3%A1%2C%20tudo%20bem%3F%20Meu%20nome%20%C3%A9%20Leonardo%2C%20trabalho%20com%20cria%C3%A7%C3%A3o%20de%20sites%20e%20card%C3%A1pios%20digitais%20para%20churrascarias.%0A%0AEstava%20no%20Google%20Maps%20e%20vi%20que%20a%20Picanha%20Grill%20na%20Brasa%20tem%20uma%20excelente%20avalia%C3%A7%C3%A3o%20%284.7%20%E2%98%85%20com%20190%20avalia%C3%A7%C3%B5es%21%29%2C%20mas%20notei%20que%20voc%C3%AAs%20ainda%20n%C3%A3o%20possuem%20um%20site%20pr%C3%B3prio%20nem%20card%C3%A1pio%20interativo%20na%20bio%20do%20Instagram.%0A%0AHoje%20muitos%20clientes%20pesquisam%20no%20Google%20antes%20de%20sair%20para%20almo%C3%A7ar%20ou%20pedir%20delivery.%20Trabalho%20com%202%20op%C3%A7%C3%B5es%20bem%20pr%C3%A1ticas%20para%20restaurantes%3A%0A%0A1.%20%F0%9F%93%B1%20Card%C3%A1pio%20Digital%20no%20WhatsApp%20%28o%20cliente%20monta%20o%20pedido%20e%20envia%20pronto%20direto%20pro%20seu%20WhatsApp%20-%20op%C3%A7%C3%A3o%20mais%20econ%C3%B4mica%29.%0A2.%20%F0%9F%92%B3%20Site%20Completo%20com%20Pagamento%20Online%20%28o%20cliente%20faz%20o%20pedido%20e%20realiza%20o%20pagamento%20direto%20pelo%20site%29.%0A%0APosso%20te%20explicar%20rapidinho%20como%20funciona%20e%20te%20passar%20os%20valores%20sem%20compromisso%3F,"Av. Rio das Pedras, 479 - Piracicamirim, Piracicaba - SP, 13420-590",Piracicamirim,Piracicaba - SP,Restaurante,4.7,190,Não,https://www.google.com/maps/place/?q=place_id:ChIJfYkpQL0xxpQRLD07SMou5WQ
45,Churrascaria Raio de Sol,(11) 96932-5699,https://wa.me/5511969325699?text=Ol%C3%A1%2C%20tudo%20bem%3F%20Meu%20nome%20%C3%A9%20Leonardo%2C%20trabalho%20com%20cria%C3%A7%C3%A3o%20de%20sites%20e%20card%C3%A1pios%20digitais%20para%20churrascarias.%0A%0AEstava%20no%20Google%20Maps%20e%20vi%20que%20a%20Churrascaria%20Raio%20de%20Sol%20tem%20uma%20excelente%20avalia%C3%A7%C3%A3o%20%284.3%20%E2%98%85%20com%20186%20avalia%C3%A7%C3%B5es%21%29%2C%20mas%20notei%20que%20voc%C3%AAs%20ainda%20n%C3%A3o%20possuem%20um%20site%20pr%C3%B3prio%20nem%20card%C3%A1pio%20interativo%20na%20bio%20do%20Instagram.%0A%0AHoje%20muitos%20clientes%20pesquisam%20no%20Google%20antes%20de%20sair%20para%20almo%C3%A7ar%20ou%20pedir%20delivery.%20Trabalho%20com%202%20op%C3%A7%C3%B5es%20bem%20pr%C3%A1ticas%20para%20restaurantes%3A%0A%0A1.%20%F0%9F%93%B1%20Card%C3%A1pio%20Digital%20no%20WhatsApp%20%28o%20cliente%20monta%20o%20pedido%20e%20envia%20pronto%20direto%20pro%20seu%20WhatsApp%20-%20op%C3%A7%C3%A3o%20mais%20econ%C3%B4mica%29.%0A2.%20%F0%9F%92%B3%20Site%20Completo%20com%20Pagamento%20Online%20%28o%20cliente%20faz%20o%20pedido%20e%20realiza%20o%20pagamento%20direto%20pelo%20site%29.%0A%0APosso%20te%20explicar%20rapidinho%20como%20funciona%20e%20te%20passar%20os%20valores%20sem%20compromisso%3F,"R. Raio de Sol, 199 - Piraporinha, Diadema - SP, 09951-495",Piraporinha,Diadema - SP,"Churrascaria, Pizzaria",4.3,186,Não,https://www.google.com/maps/place/?q=place_id:ChIJA-DVnoNDzpQR5xZHnI3zUWY
46,Churrascaria costelão campeiro,(19) 98984-9844,https://wa.me/5519989849844?text=Ol%C3%A1%2C%20tudo%20bem%3F%20Meu%20nome%20%C3%A9%20Leonardo%2C%20trabalho%20com%20cria%C3%A7%C3%A3o%20de%20sites%20e%20card%C3%A1pios%20digitais%20para%20churrascarias.%0A%0AEstava%20no%20Google%20Maps%20e%20vi%20que%20a%20Churrascaria%20costel%C3%A3o%20campeiro%20tem%20uma%20excelente%20avalia%C3%A7%C3%A3o%20%284.7%20%E2%98%85%20com%20164%20avalia%C3%A7%C3%B5es%21%29%2C%20mas%20notei%20que%20voc%C3%AAs%20ainda%20n%C3%A3o%20possuem%20um%20site%20pr%C3%B3prio%20nem%20card%C3%A1pio%20interativo%20na%20bio%20do%20Instagram.%0A%0AHoje%20muitos%20clientes%20pesquisam%20no%20Google%20antes%20de%20sair%20para%20almo%C3%A7ar%20ou%20pedir%20delivery.%20Trabalho%20com%202%20op%C3%A7%C3%B5es%20bem%20pr%C3%A1ticas%20para%20restaurantes%3A%0A%0A1.%20%F0%9F%93%B1%20Card%C3%A1pio%20Digital%20no%20WhatsApp%20%28o%20cliente%20monta%20o%20pedido%20e%20envia%20pronto%20direto%20pro%20seu%20WhatsApp%20-%20op%C3%A7%C3%A3o%20mais%20econ%C3%B4mica%29.%0A2.%20%F0%9F%92%B3%20Site%20Completo%20com%20Pagamento%20Online%20%28o%20cliente%20faz%20o%20pedido%20e%20realiza%20o%20pagamento%20direto%20pelo%20site%29.%0A%0APosso%20te%20explicar%20rapidinho%20como%20funciona%20e%20te%20passar%20os%20valores%20sem%20compromisso%3F,"Rod. do Açúcar - Pompéia, Rio das Pedras - SP, 13390-000",Pompéia,Rio das Pedras - SP,Churrascaria,4.7,164,Não,https://www.google.com/maps/place/?q=place_id:ChIJpaHTYrIvxpQRtFjZ0zaak6A
47,Espetinho Avenida,(31) 99592-2579,https://wa.me/5531995922579?text=Ol%C3%A1%2C%20tudo%20bem%3F%20Meu%20nome%20%C3%A9%20Leonardo%2C%20trabalho%20com%20cria%C3%A7%C3%A3o%20de%20sites%20e%20card%C3%A1pios%20digitais%20para%20churrascarias.%0A%0AEstava%20no%20Google%20Maps%20e%20vi%20que%20a%20Espetinho%20Avenida%20tem%20uma%20excelente%20avalia%C3%A7%C3%A3o%20%284.4%20%E2%98%85%20com%20160%20avalia%C3%A7%C3%B5es%21%29%2C%20mas%20notei%20que%20voc%C3%AAs%20ainda%20n%C3%A3o%20possuem%20um%20site%20pr%C3%B3prio%20nem%20card%C3%A1pio%20interativo%20na%20bio%20do%20Instagram.%0A%0AHoje%20muitos%20clientes%20pesquisam%20no%20Google%20antes%20de%20sair%20para%20almo%C3%A7ar%20ou%20pedir%20delivery.%20Trabalho%20com%202%20op%C3%A7%C3%B5es%20bem%20pr%C3%A1ticas%20para%20restaurantes%3A%0A%0A1.%20%F0%9F%93%B1%20Card%C3%A1pio%20Digital%20no%20WhatsApp%20%28o%20cliente%20monta%20o%20pedido%20e%20envia%20pronto%20direto%20pro%20seu%20WhatsApp%20-%20op%C3%A7%C3%A3o%20mais%20econ%C3%B4mica%29.%0A2.%20%F0%9F%92%B3%20Site%20Completo%20com%20Pagamento%20Online%20%28o%20cliente%20faz%20o%20pedido%20e%20realiza%20o%20pagamento%20direto%20pelo%20site%29.%0A%0APosso%20te%20explicar%20rapidinho%20como%20funciona%20e%20te%20passar%20os%20valores%20sem%20compromisso%3F,"Av. Mem de Sá, 1347 - Paraíso, Belo Horizonte - MG, 30250-270",Paraíso,Belo Horizonte - MG,"Bar, Restaurante de churrasquinho",4.4,160,Não,https://www.google.com/maps/place/?q=place_id:ChIJBdZACoOZpgARIYoAYkG09dU
48,Restaurante Costela Sul,(16) 99609-3793,https://wa.me/5516996093793?text=Ol%C3%A1%2C%20tudo%20bem%3F%20Meu%20nome%20%C3%A9%20Leonardo%2C%20trabalho%20com%20cria%C3%A7%C3%A3o%20de%20sites%20e%20card%C3%A1pios%20digitais%20para%20churrascarias.%0A%0AEstava%20no%20Google%20Maps%20e%20vi%20que%20a%20Restaurante%20Costela%20Sul%20tem%20uma%20excelente%20avalia%C3%A7%C3%A3o%20%284.6%20%E2%98%85%20com%20151%20avalia%C3%A7%C3%B5es%21%29%2C%20mas%20notei%20que%20voc%C3%AAs%20ainda%20n%C3%A3o%20possuem%20um%20site%20pr%C3%B3prio%20nem%20card%C3%A1pio%20interativo%20na%20bio%20do%20Instagram.%0A%0AHoje%20muitos%20clientes%20pesquisam%20no%20Google%20antes%20de%20sair%20para%20almo%C3%A7ar%20ou%20pedir%20delivery.%20Trabalho%20com%202%20op%C3%A7%C3%B5es%20bem%20pr%C3%A1ticas%20para%20restaurantes%3A%0A%0A1.%20%F0%9F%93%B1%20Card%C3%A1pio%20Digital%20no%20WhatsApp%20%28o%20cliente%20monta%20o%20pedido%20e%20envia%20pronto%20direto%20pro%20seu%20WhatsApp%20-%20op%C3%A7%C3%A3o%20mais%20econ%C3%B4mica%29.%0A2.%20%F0%9F%92%B3%20Site%20Completo%20com%20Pagamento%20Online%20%28o%20cliente%20faz%20o%20pedido%20e%20realiza%20o%20pagamento%20direto%20pelo%20site%29.%0A%0APosso%20te%20explicar%20rapidinho%20como%20funciona%20e%20te%20passar%20os%20valores%20sem%20compromisso%3F,"R. José Barbieri Neto, 582 - Jardim Botanico, Araraquara - SP, 14805-000",Jardim Botanico,Araraquara - SP,Restaurante,4.6,151,Não,https://www.google.com/maps/place/?q=place_id:ChIJ5SeOEKvzuJQRf8RhGMPMBdY
49,boi na brasa carnes,(31) 99131-2890,https://wa.me/5531991312890?text=Ol%C3%A1%2C%20tudo%20bem%3F%20Meu%20nome%20%C3%A9%20Leonardo%2C%20trabalho%20com%20cria%C3%A7%C3%A3o%20de%20sites%20e%20card%C3%A1pios%20digitais%20para%20churrascarias.%0A%0AEstava%20no%20Google%20Maps%20e%20vi%20que%20a%20boi%20na%20brasa%20carnes%20tem%20uma%20excelente%20avalia%C3%A7%C3%A3o%20%284.5%20%E2%98%85%20com%20146%20avalia%C3%A7%C3%B5es%21%29%2C%20mas%20notei%20que%20voc%C3%AAs%20ainda%20n%C3%A3o%20possuem%20um%20site%20pr%C3%B3prio%20nem%20card%C3%A1pio%20interativo%20na%20bio%20do%20Instagram.%0A%0AHoje%20muitos%20clientes%20pesquisam%20no%20Google%20antes%20de%20sair%20para%20almo%C3%A7ar%20ou%20pedir%20delivery.%20Trabalho%20com%202%20op%C3%A7%C3%B5es%20bem%20pr%C3%A1ticas%20para%20restaurantes%3A%0A%0A1.%20%F0%9F%93%B1%20Card%C3%A1pio%20Digital%20no%20WhatsApp%20%28o%20cliente%20monta%20o%20pedido%20e%20envia%20pronto%20direto%20pro%20seu%20WhatsApp%20-%20op%C3%A7%C3%A3o%20mais%20econ%C3%B4mica%29.%0A2.%20%F0%9F%92%B3%20Site%20Completo%20com%20Pagamento%20Online%20%28o%20cliente%20faz%20o%20pedido%20e%20realiza%20o%20pagamento%20direto%20pelo%20site%29.%0A%0APosso%20te%20explicar%20rapidinho%20como%20funciona%20e%20te%20passar%20os%20valores%20sem%20compromisso%3F,"R. Jovelino Gregório da Silva, 418 - Kennedy, Betim - MG, 32665-658",Kennedy,Betim - MG,Açougue gourmet,4.5,146,Não,https://www.google.com/maps/place/?q=place_id:ChIJ5dszMRrBpgAR-UA6wxLR5oY
50,Churrascaria e Lanchonete Boi na Brasa,(45) 99802-6008,https://wa.me/5545998026008?text=Ol%C3%A1%2C%20tudo%20bem%3F%20Meu%20nome%20%C3%A9%20Leonardo%2C%20trabalho%20com%20cria%C3%A7%C3%A3o%20de%20sites%20e%20card%C3%A1pios%20digitais%20para%20churrascarias.%0A%0AEstava%20no%20Google%20Maps%20e%20vi%20que%20a%20Churrascaria%20e%20Lanchonete%20Boi%20na%20Brasa%20tem%20uma%20excelente%20avalia%C3%A7%C3%A3o%20%284.2%20%E2%98%85%20com%20144%20avalia%C3%A7%C3%B5es%21%29%2C%20mas%20notei%20que%20voc%C3%AAs%20ainda%20n%C3%A3o%20possuem%20um%20site%20pr%C3%B3prio%20nem%20card%C3%A1pio%20interativo%20na%20bio%20do%20Instagram.%0A%0AHoje%20muitos%20clientes%20pesquisam%20no%20Google%20antes%20de%20sair%20para%20almo%C3%A7ar%20ou%20pedir%20delivery.%20Trabalho%20com%202%20op%C3%A7%C3%B5es%20bem%20pr%C3%A1ticas%20para%20restaurantes%3A%0A%0A1.%20%F0%9F%93%B1%20Card%C3%A1pio%20Digital%20no%20WhatsApp%20%28o%20cliente%20monta%20o%20pedido%20e%20envia%20pronto%20direto%20pro%20seu%20WhatsApp%20-%20op%C3%A7%C3%A3o%20mais%20econ%C3%B4mica%29.%0A2.%20%F0%9F%92%B3%20Site%20Completo%20com%20Pagamento%20Online%20%28o%20cliente%20faz%20o%20pedido%20e%20realiza%20o%20pagamento%20direto%20pelo%20site%29.%0A%0APosso%20te%20explicar%20rapidinho%20como%20funciona%20e%20te%20passar%20os%20valores%20sem%20compromisso%3F,"rodovia br 277 km 583, R. Três Poderes, Cascavel - PR, 85818-560",Presidente,Cascavel - PR,Churrascaria,4.2,144,Não,https://www.google.com/maps/place/?q=place_id:ChIJgQ8s8Pkr8pQR89gT6277gH0
51,Espetaria Santo Antônio Grill,(11) 98276-5741,https://wa.me/5511982765741?text=Ol%C3%A1%2C%20tudo%20bem%3F%20Meu%20nome%20%C3%A9%20Leonardo%2C%20trabalho%20com%20cria%C3%A7%C3%A3o%20de%20sites%20e%20card%C3%A1pios%20digitais%20para%20churrascarias.%0A%0AEstava%20no%20Google%20Maps%20e%20vi%20que%20a%20Espetaria%20Santo%20Ant%C3%B4nio%20Grill%20tem%20uma%20excelente%20avalia%C3%A7%C3%A3o%20%283.6%20%E2%98%85%20com%20137%20avalia%C3%A7%C3%B5es%21%29%2C%20mas%20notei%20que%20voc%C3%AAs%20ainda%20n%C3%A3o%20possuem%20um%20site%20pr%C3%B3prio%20nem%20card%C3%A1pio%20interativo%20na%20bio%20do%20Instagram.%0A%0AHoje%20muitos%20clientes%20pesquisam%20no%20Google%20antes%20de%20sair%20para%20almo%C3%A7ar%20ou%20pedir%20delivery.%20Trabalho%20com%202%20op%C3%A7%C3%B5es%20bem%20pr%C3%A1ticas%20para%20restaurantes%3A%0A%0A1.%20%F0%9F%93%B1%20Card%C3%A1pio%20Digital%20no%20WhatsApp%20%28o%20cliente%20monta%20o%20pedido%20e%20envia%20pronto%20direto%20pro%20seu%20WhatsApp%20-%20op%C3%A7%C3%A3o%20mais%20econ%C3%B4mica%29.%0A2.%20%F0%9F%92%B3%20Site%20Completo%20com%20Pagamento%20Online%20%28o%20cliente%20faz%20o%20pedido%20e%20realiza%20o%20pagamento%20direto%20pelo%20site%29.%0A%0APosso%20te%20explicar%20rapidinho%20como%20funciona%20e%20te%20passar%20os%20valores%20sem%20compromisso%3F,"R. Antônio das Chagas, 883 - Chácara Santo Antônio, São Paulo - SP, 04714-001",Chácara Santo Antônio,São Paulo - SP,"Restaurante, Bar",3.6,137,Não,https://www.google.com/maps/place/?q=place_id:ChIJlwMC7plRzpQRKj9tXh988bg
52,Rancho do Barão Grill,(11) 94680-5970,https://wa.me/5511946805970?text=Ol%C3%A1%2C%20tudo%20bem%3F%20Meu%20nome%20%C3%A9%20Leonardo%2C%20trabalho%20com%20cria%C3%A7%C3%A3o%20de%20sites%20e%20card%C3%A1pios%20digitais%20para%20churrascarias.%0A%0AEstava%20no%20Google%20Maps%20e%20vi%20que%20a%20Rancho%20do%20Bar%C3%A3o%20Grill%20tem%20uma%20excelente%20avalia%C3%A7%C3%A3o%20%284.4%20%E2%98%85%20com%20137%20avalia%C3%A7%C3%B5es%21%29%2C%20mas%20notei%20que%20voc%C3%AAs%20ainda%20n%C3%A3o%20possuem%20um%20site%20pr%C3%B3prio%20nem%20card%C3%A1pio%20interativo%20na%20bio%20do%20Instagram.%0A%0AHoje%20muitos%20clientes%20pesquisam%20no%20Google%20antes%20de%20sair%20para%20almo%C3%A7ar%20ou%20pedir%20delivery.%20Trabalho%20com%202%20op%C3%A7%C3%B5es%20bem%20pr%C3%A1ticas%20para%20restaurantes%3A%0A%0A1.%20%F0%9F%93%B1%20Card%C3%A1pio%20Digital%20no%20WhatsApp%20%28o%20cliente%20monta%20o%20pedido%20e%20envia%20pronto%20direto%20pro%20seu%20WhatsApp%20-%20op%C3%A7%C3%A3o%20mais%20econ%C3%B4mica%29.%0A2.%20%F0%9F%92%B3%20Site%20Completo%20com%20Pagamento%20Online%20%28o%20cliente%20faz%20o%20pedido%20e%20realiza%20o%20pagamento%20direto%20pelo%20site%29.%0A%0APosso%20te%20explicar%20rapidinho%20como%20funciona%20e%20te%20passar%20os%20valores%20sem%20compromisso%3F,"Av. Rui Barbosa, 2869 - Vila Santa Terezinha, Carapicuíba - SP, 06311-001",Vila Santa Terezinha,Carapicuíba - SP,"Restaurante, Bar",4.4,137,Não,https://www.google.com/maps/place/?q=place_id:ChIJ6ZylDJEBz5QRLxWzdEPyRdw
53,Costela Bar,(11) 97875-1139,https://wa.me/5511978751139?text=Ol%C3%A1%2C%20tudo%20bem%3F%20Meu%20nome%20%C3%A9%20Leonardo%2C%20trabalho%20com%20cria%C3%A7%C3%A3o%20de%20sites%20e%20card%C3%A1pios%20digitais%20para%20churrascarias.%0A%0AEstava%20no%20Google%20Maps%20e%20vi%20que%20a%20Costela%20Bar%20tem%20uma%20excelente%20avalia%C3%A7%C3%A3o%20%284.3%20%E2%98%85%20com%20125%20avalia%C3%A7%C3%B5es%21%29%2C%20mas%20notei%20que%20voc%C3%AAs%20ainda%20n%C3%A3o%20possuem%20um%20site%20pr%C3%B3prio%20nem%20card%C3%A1pio%20interativo%20na%20bio%20do%20Instagram.%0A%0AHoje%20muitos%20clientes%20pesquisam%20no%20Google%20antes%20de%20sair%20para%20almo%C3%A7ar%20ou%20pedir%20delivery.%20Trabalho%20com%202%20op%C3%A7%C3%B5es%20bem%20pr%C3%A1ticas%20para%20restaurantes%3A%0A%0A1.%20%F0%9F%93%B1%20Card%C3%A1pio%20Digital%20no%20WhatsApp%20%28o%20cliente%20monta%20o%20pedido%20e%20envia%20pronto%20direto%20pro%20seu%20WhatsApp%20-%20op%C3%A7%C3%A3o%20mais%20econ%C3%B4mica%29.%0A2.%20%F0%9F%92%B3%20Site%20Completo%20com%20Pagamento%20Online%20%28o%20cliente%20faz%20o%20pedido%20e%20realiza%20o%20pagamento%20direto%20pelo%20site%29.%0A%0APosso%20te%20explicar%20rapidinho%20como%20funciona%20e%20te%20passar%20os%20valores%20sem%20compromisso%3F,"Av. Cruzeiro do Sul, 1701 - Rochdale, Osasco - SP, 06226-008",Rochdale,Osasco - SP,Bar,4.3,125,Não,https://www.google.com/maps/place/?q=place_id:ChIJSVGQDvL-zpQR_lRll2sGHjQ
54,Vossa Brasa,(21) 97710-0081,https://wa.me/5521977100081?text=Ol%C3%A1%2C%20tudo%20bem%3F%20Meu%20nome%20%C3%A9%20Leonardo%2C%20trabalho%20com%20cria%C3%A7%C3%A3o%20de%20sites%20e%20card%C3%A1pios%20digitais%20para%20churrascarias.%0A%0AEstava%20no%20Google%20Maps%20e%20vi%20que%20a%20Vossa%20Brasa%20tem%20uma%20excelente%20avalia%C3%A7%C3%A3o%20%284.4%20%E2%98%85%20com%20117%20avalia%C3%A7%C3%B5es%21%29%2C%20mas%20notei%20que%20voc%C3%AAs%20ainda%20n%C3%A3o%20possuem%20um%20site%20pr%C3%B3prio%20nem%20card%C3%A1pio%20interativo%20na%20bio%20do%20Instagram.%0A%0AHoje%20muitos%20clientes%20pesquisam%20no%20Google%20antes%20de%20sair%20para%20almo%C3%A7ar%20ou%20pedir%20delivery.%20Trabalho%20com%202%20op%C3%A7%C3%B5es%20bem%20pr%C3%A1ticas%20para%20restaurantes%3A%0A%0A1.%20%F0%9F%93%B1%20Card%C3%A1pio%20Digital%20no%20WhatsApp%20%28o%20cliente%20monta%20o%20pedido%20e%20envia%20pronto%20direto%20pro%20seu%20WhatsApp%20-%20op%C3%A7%C3%A3o%20mais%20econ%C3%B4mica%29.%0A2.%20%F0%9F%92%B3%20Site%20Completo%20com%20Pagamento%20Online%20%28o%20cliente%20faz%20o%20pedido%20e%20realiza%20o%20pagamento%20direto%20pelo%20site%29.%0A%0APosso%20te%20explicar%20rapidinho%20como%20funciona%20e%20te%20passar%20os%20valores%20sem%20compromisso%3F,"Avenida Perimetral - R. Mal. Deodoro - Jardim Vinte e Cinco de Agosto, Duque de Caxias - RJ, 25071-190",Jardim Vinte e Cinco de Agosto,Duque de Caxias - RJ,"Gastropub, Bar",4.4,117,Não,https://www.google.com/maps/place/?q=place_id:ChIJleMaUqB7mQARxxcnGVhjlx0
55,Espetaria do Sul Americana,(19) 98241-2090,https://wa.me/5519982412090?text=Ol%C3%A1%2C%20tudo%20bem%3F%20Meu%20nome%20%C3%A9%20Leonardo%2C%20trabalho%20com%20cria%C3%A7%C3%A3o%20de%20sites%20e%20card%C3%A1pios%20digitais%20para%20churrascarias.%0A%0AEstava%20no%20Google%20Maps%20e%20vi%20que%20a%20Espetaria%20do%20Sul%20Americana%20tem%20uma%20excelente%20avalia%C3%A7%C3%A3o%20%284.9%20%E2%98%85%20com%20111%20avalia%C3%A7%C3%B5es%21%29%2C%20mas%20notei%20que%20voc%C3%AAs%20ainda%20n%C3%A3o%20possuem%20um%20site%20pr%C3%B3prio%20nem%20card%C3%A1pio%20interativo%20na%20bio%20do%20Instagram.%0A%0AHoje%20muitos%20clientes%20pesquisam%20no%20Google%20antes%20de%20sair%20para%20almo%C3%A7ar%20ou%20pedir%20delivery.%20Trabalho%20com%202%20op%C3%A7%C3%B5es%20bem%20pr%C3%A1ticas%20para%20restaurantes%3A%0A%0A1.%20%F0%9F%93%B1%20Card%C3%A1pio%20Digital%20no%20WhatsApp%20%28o%20cliente%20monta%20o%20pedido%20e%20envia%20pronto%20direto%20pro%20seu%20WhatsApp%20-%20op%C3%A7%C3%A3o%20mais%20econ%C3%B4mica%29.%0A2.%20%F0%9F%92%B3%20Site%20Completo%20com%20Pagamento%20Online%20%28o%20cliente%20faz%20o%20pedido%20e%20realiza%20o%20pagamento%20direto%20pelo%20site%29.%0A%0APosso%20te%20explicar%20rapidinho%20como%20funciona%20e%20te%20passar%20os%20valores%20sem%20compromisso%3F,"R. Lorena, 211 - Parque Novo Mundo, Americana - SP, 13467-470",Parque Novo Mundo,Americana - SP,"Churrascaria, Bar, Diner, Restaurante, Sanduicheria, Petiscaria",4.9,111,Não,https://www.google.com/maps/place/?q=place_id:ChIJT_8x3reZyJQRg-KE3CW5jSE
56,"Varanda Express Granja Viana: Restaurante, Churrasco, Happy Hour, Camarão Cotia SP",(11) 94802-2127,https://wa.me/5511948022127?text=Ol%C3%A1%2C%20tudo%20bem%3F%20Meu%20nome%20%C3%A9%20Leonardo%2C%20trabalho%20com%20cria%C3%A7%C3%A3o%20de%20sites%20e%20card%C3%A1pios%20digitais%20para%20churrascarias.%0A%0AEstava%20no%20Google%20Maps%20e%20vi%20que%20a%20Varanda%20Express%20Granja%20Viana%3A%20Restaurante%2C%20Churrasco%2C%20Happy%20Hour%2C%20Camar%C3%A3o%20Cotia%20SP%20tem%20uma%20excelente%20avalia%C3%A7%C3%A3o%20%283.7%20%E2%98%85%20com%20110%20avalia%C3%A7%C3%B5es%21%29%2C%20mas%20notei%20que%20voc%C3%AAs%20ainda%20n%C3%A3o%20possuem%20um%20site%20pr%C3%B3prio%20nem%20card%C3%A1pio%20interativo%20na%20bio%20do%20Instagram.%0A%0AHoje%20muitos%20clientes%20pesquisam%20no%20Google%20antes%20de%20sair%20para%20almo%C3%A7ar%20ou%20pedir%20delivery.%20Trabalho%20com%202%20op%C3%A7%C3%B5es%20bem%20pr%C3%A1ticas%20para%20restaurantes%3A%0A%0A1.%20%F0%9F%93%B1%20Card%C3%A1pio%20Digital%20no%20WhatsApp%20%28o%20cliente%20monta%20o%20pedido%20e%20envia%20pronto%20direto%20pro%20seu%20WhatsApp%20-%20op%C3%A7%C3%A3o%20mais%20econ%C3%B4mica%29.%0A2.%20%F0%9F%92%B3%20Site%20Completo%20com%20Pagamento%20Online%20%28o%20cliente%20faz%20o%20pedido%20e%20realiza%20o%20pagamento%20direto%20pelo%20site%29.%0A%0APosso%20te%20explicar%20rapidinho%20como%20funciona%20e%20te%20passar%20os%20valores%20sem%20compromisso%3F,"SP-270, 23500 - Lageadinho, Cotia - SP, 06709-015",Lageadinho,Cotia - SP,Restaurante,3.7,110,Não,https://www.google.com/maps/place/?q=place_id:ChIJ65drXV2rz5QRSz0_BadPg2A
57,Araguaia Restaurante,(16) 99777-2900,https://wa.me/5516997772900?text=Ol%C3%A1%2C%20tudo%20bem%3F%20Meu%20nome%20%C3%A9%20Leonardo%2C%20trabalho%20com%20cria%C3%A7%C3%A3o%20de%20sites%20e%20card%C3%A1pios%20digitais%20para%20churrascarias.%0A%0AEstava%20no%20Google%20Maps%20e%20vi%20que%20a%20Araguaia%20Restaurante%20tem%20uma%20excelente%20avalia%C3%A7%C3%A3o%20%284.9%20%E2%98%85%20com%20109%20avalia%C3%A7%C3%B5es%21%29%2C%20mas%20notei%20que%20voc%C3%AAs%20ainda%20n%C3%A3o%20possuem%20um%20site%20pr%C3%B3prio%20nem%20card%C3%A1pio%20interativo%20na%20bio%20do%20Instagram.%0A%0AHoje%20muitos%20clientes%20pesquisam%20no%20Google%20antes%20de%20sair%20para%20almo%C3%A7ar%20ou%20pedir%20delivery.%20Trabalho%20com%202%20op%C3%A7%C3%B5es%20bem%20pr%C3%A1ticas%20para%20restaurantes%3A%0A%0A1.%20%F0%9F%93%B1%20Card%C3%A1pio%20Digital%20no%20WhatsApp%20%28o%20cliente%20monta%20o%20pedido%20e%20envia%20pronto%20direto%20pro%20seu%20WhatsApp%20-%20op%C3%A7%C3%A3o%20mais%20econ%C3%B4mica%29.%0A2.%20%F0%9F%92%B3%20Site%20Completo%20com%20Pagamento%20Online%20%28o%20cliente%20faz%20o%20pedido%20e%20realiza%20o%20pagamento%20direto%20pelo%20site%29.%0A%0APosso%20te%20explicar%20rapidinho%20como%20funciona%20e%20te%20passar%20os%20valores%20sem%20compromisso%3F,"Av Arlindo Anastácio da silva, 36 - Jardim Santa Angelina, Araraquara - SP, 14802-126",Jardim Santa Angelina,Araraquara - SP,Churrascaria,4.9,109,Não,https://www.google.com/maps/place/?q=place_id:ChIJxyRaZdzxuJQRyHU_at_-aDI
58,Restaurante Churrascaria Petrolândia,(31) 98849-1870,https://wa.me/5531988491870?text=Ol%C3%A1%2C%20tudo%20bem%3F%20Meu%20nome%20%C3%A9%20Leonardo%2C%20trabalho%20com%20cria%C3%A7%C3%A3o%20de%20sites%20e%20card%C3%A1pios%20digitais%20para%20churrascarias.%0A%0AEstava%20no%20Google%20Maps%20e%20vi%20que%20a%20Restaurante%20Churrascaria%20Petrol%C3%A2ndia%20tem%20uma%20excelente%20avalia%C3%A7%C3%A3o%20%284.6%20%E2%98%85%20com%20102%20avalia%C3%A7%C3%B5es%21%29%2C%20mas%20notei%20que%20voc%C3%AAs%20ainda%20n%C3%A3o%20possuem%20um%20site%20pr%C3%B3prio%20nem%20card%C3%A1pio%20interativo%20na%20bio%20do%20Instagram.%0A%0AHoje%20muitos%20clientes%20pesquisam%20no%20Google%20antes%20de%20sair%20para%20almo%C3%A7ar%20ou%20pedir%20delivery.%20Trabalho%20com%202%20op%C3%A7%C3%B5es%20bem%20pr%C3%A1ticas%20para%20restaurantes%3A%0A%0A1.%20%F0%9F%93%B1%20Card%C3%A1pio%20Digital%20no%20WhatsApp%20%28o%20cliente%20monta%20o%20pedido%20e%20envia%20pronto%20direto%20pro%20seu%20WhatsApp%20-%20op%C3%A7%C3%A3o%20mais%20econ%C3%B4mica%29.%0A2.%20%F0%9F%92%B3%20Site%20Completo%20com%20Pagamento%20Online%20%28o%20cliente%20faz%20o%20pedido%20e%20realiza%20o%20pagamento%20direto%20pelo%20site%29.%0A%0APosso%20te%20explicar%20rapidinho%20como%20funciona%20e%20te%20passar%20os%20valores%20sem%20compromisso%3F,"R. Gasolina, 22 - Petrolândia, Contagem - MG, 32072-090",Petrolândia,Contagem - MG,Restaurante,4.6,102,Não,https://www.google.com/maps/place/?q=place_id:ChIJxbMf2qbqpgARK6cw2U3tiH0
59,Che Pibe Parrilla,(13) 99661-4842,https://wa.me/5513996614842?text=Ol%C3%A1%2C%20tudo%20bem%3F%20Meu%20nome%20%C3%A9%20Leonardo%2C%20trabalho%20com%20cria%C3%A7%C3%A3o%20de%20sites%20e%20card%C3%A1pios%20digitais%20para%20churrascarias.%0A%0AEstava%20no%20Google%20Maps%20e%20vi%20que%20a%20Che%20Pibe%20Parrilla%20tem%20uma%20excelente%20avalia%C3%A7%C3%A3o%20%284.9%20%E2%98%85%20com%20101%20avalia%C3%A7%C3%B5es%21%29%2C%20mas%20notei%20que%20voc%C3%AAs%20ainda%20n%C3%A3o%20possuem%20um%20site%20pr%C3%B3prio%20nem%20card%C3%A1pio%20interativo%20na%20bio%20do%20Instagram.%0A%0AHoje%20muitos%20clientes%20pesquisam%20no%20Google%20antes%20de%20sair%20para%20almo%C3%A7ar%20ou%20pedir%20delivery.%20Trabalho%20com%202%20op%C3%A7%C3%B5es%20bem%20pr%C3%A1ticas%20para%20restaurantes%3A%0A%0A1.%20%F0%9F%93%B1%20Card%C3%A1pio%20Digital%20no%20WhatsApp%20%28o%20cliente%20monta%20o%20pedido%20e%20envia%20pronto%20direto%20pro%20seu%20WhatsApp%20-%20op%C3%A7%C3%A3o%20mais%20econ%C3%B4mica%29.%0A2.%20%F0%9F%92%B3%20Site%20Completo%20com%20Pagamento%20Online%20%28o%20cliente%20faz%20o%20pedido%20e%20realiza%20o%20pagamento%20direto%20pelo%20site%29.%0A%0APosso%20te%20explicar%20rapidinho%20como%20funciona%20e%20te%20passar%20os%20valores%20sem%20compromisso%3F,"R. Euclydes da Cunha, 283 - Pompéia, Santos - SP, 11065-101",Pompéia,Santos - SP,Restaurante argentino,4.9,101,Não,https://www.google.com/maps/place/?q=place_id:ChIJZaeKnpkDzpQRzSbfDJ0V2ls
60,Quintal Flavinho BBQ,(19) 99279-0223,https://wa.me/5519992790223?text=Ol%C3%A1%2C%20tudo%20bem%3F%20Meu%20nome%20%C3%A9%20Leonardo%2C%20trabalho%20com%20cria%C3%A7%C3%A3o%20de%20sites%20e%20card%C3%A1pios%20digitais%20para%20churrascarias.%0A%0AEstava%20no%20Google%20Maps%20e%20vi%20que%20a%20Quintal%20Flavinho%20BBQ%20tem%20uma%20excelente%20avalia%C3%A7%C3%A3o%20%284.7%20%E2%98%85%20com%2098%20avalia%C3%A7%C3%B5es%21%29%2C%20mas%20notei%20que%20voc%C3%AAs%20ainda%20n%C3%A3o%20possuem%20um%20site%20pr%C3%B3prio%20nem%20card%C3%A1pio%20interativo%20na%20bio%20do%20Instagram.%0A%0AHoje%20muitos%20clientes%20pesquisam%20no%20Google%20antes%20de%20sair%20para%20almo%C3%A7ar%20ou%20pedir%20delivery.%20Trabalho%20com%202%20op%C3%A7%C3%B5es%20bem%20pr%C3%A1ticas%20para%20restaurantes%3A%0A%0A1.%20%F0%9F%93%B1%20Card%C3%A1pio%20Digital%20no%20WhatsApp%20%28o%20cliente%20monta%20o%20pedido%20e%20envia%20pronto%20direto%20pro%20seu%20WhatsApp%20-%20op%C3%A7%C3%A3o%20mais%20econ%C3%B4mica%29.%0A2.%20%F0%9F%92%B3%20Site%20Completo%20com%20Pagamento%20Online%20%28o%20cliente%20faz%20o%20pedido%20e%20realiza%20o%20pagamento%20direto%20pelo%20site%29.%0A%0APosso%20te%20explicar%20rapidinho%20como%20funciona%20e%20te%20passar%20os%20valores%20sem%20compromisso%3F,"Quintal Flavinho BBQ - R. João Guilherme, 306 - Vila Cidade Jardim, Limeira - SP, 13480-276",Vila Cidade Jardim,Limeira - SP,Churrascaria,4.7,98,Não,https://www.google.com/maps/place/?q=place_id:ChIJB0hSPEaByJQR3I_Ydoo9IDA
61,Churrascaria do Gauchinho,(14) 99720-2026,https://wa.me/5514997202026?text=Ol%C3%A1%2C%20tudo%20bem%3F%20Meu%20nome%20%C3%A9%20Leonardo%2C%20trabalho%20com%20cria%C3%A7%C3%A3o%20de%20sites%20e%20card%C3%A1pios%20digitais%20para%20churrascarias.%0A%0AEstava%20no%20Google%20Maps%20e%20vi%20que%20a%20Churrascaria%20do%20Gauchinho%20tem%20uma%20excelente%20avalia%C3%A7%C3%A3o%20%284.7%20%E2%98%85%20com%2092%20avalia%C3%A7%C3%B5es%21%29%2C%20mas%20notei%20que%20voc%C3%AAs%20ainda%20n%C3%A3o%20possuem%20um%20site%20pr%C3%B3prio%20nem%20card%C3%A1pio%20interativo%20na%20bio%20do%20Instagram.%0A%0AHoje%20muitos%20clientes%20pesquisam%20no%20Google%20antes%20de%20sair%20para%20almo%C3%A7ar%20ou%20pedir%20delivery.%20Trabalho%20com%202%20op%C3%A7%C3%B5es%20bem%20pr%C3%A1ticas%20para%20restaurantes%3A%0A%0A1.%20%F0%9F%93%B1%20Card%C3%A1pio%20Digital%20no%20WhatsApp%20%28o%20cliente%20monta%20o%20pedido%20e%20envia%20pronto%20direto%20pro%20seu%20WhatsApp%20-%20op%C3%A7%C3%A3o%20mais%20econ%C3%B4mica%29.%0A2.%20%F0%9F%92%B3%20Site%20Completo%20com%20Pagamento%20Online%20%28o%20cliente%20faz%20o%20pedido%20e%20realiza%20o%20pagamento%20direto%20pelo%20site%29.%0A%0APosso%20te%20explicar%20rapidinho%20como%20funciona%20e%20te%20passar%20os%20valores%20sem%20compromisso%3F,"Av. Brg. Eduardo Gomes, 2734 - Res. Vale Verde, Marília - SP, 17514-000",Residencial Vale Verde,Marília - SP,Churrascaria,4.7,92,Não,https://www.google.com/maps/place/?q=place_id:ChIJo6yMSCXRv5QRUbKJDrBGzNw
62,Cowboy da Costela - Carnes Assadas e Marmitas,(11) 94384-1875,https://wa.me/5511943841875?text=Ol%C3%A1%2C%20tudo%20bem%3F%20Meu%20nome%20%C3%A9%20Leonardo%2C%20trabalho%20com%20cria%C3%A7%C3%A3o%20de%20sites%20e%20card%C3%A1pios%20digitais%20para%20churrascarias.%0A%0AEstava%20no%20Google%20Maps%20e%20vi%20que%20a%20Cowboy%20da%20Costela%20-%20Carnes%20Assadas%20e%20Marmitas%20tem%20uma%20excelente%20avalia%C3%A7%C3%A3o%20%284.8%20%E2%98%85%20com%2090%20avalia%C3%A7%C3%B5es%21%29%2C%20mas%20notei%20que%20voc%C3%AAs%20ainda%20n%C3%A3o%20possuem%20um%20site%20pr%C3%B3prio%20nem%20card%C3%A1pio%20interativo%20na%20bio%20do%20Instagram.%0A%0AHoje%20muitos%20clientes%20pesquisam%20no%20Google%20antes%20de%20sair%20para%20almo%C3%A7ar%20ou%20pedir%20delivery.%20Trabalho%20com%202%20op%C3%A7%C3%B5es%20bem%20pr%C3%A1ticas%20para%20restaurantes%3A%0A%0A1.%20%F0%9F%93%B1%20Card%C3%A1pio%20Digital%20no%20WhatsApp%20%28o%20cliente%20monta%20o%20pedido%20e%20envia%20pronto%20direto%20pro%20seu%20WhatsApp%20-%20op%C3%A7%C3%A3o%20mais%20econ%C3%B4mica%29.%0A2.%20%F0%9F%92%B3%20Site%20Completo%20com%20Pagamento%20Online%20%28o%20cliente%20faz%20o%20pedido%20e%20realiza%20o%20pagamento%20direto%20pelo%20site%29.%0A%0APosso%20te%20explicar%20rapidinho%20como%20funciona%20e%20te%20passar%20os%20valores%20sem%20compromisso%3F,"R. Nilo Peçanha, 38 - Jardim Cipava, Osasco - SP, 06075-080",Jardim Cipava,Osasco - SP,Restaurante fast-food,4.8,90,Não,https://www.google.com/maps/place/?q=place_id:ChIJC88tJXb_zpQR00o9wIGzO_g
63,Na Brasa Espetaria,(11) 95038-3024,https://wa.me/5511950383024?text=Ol%C3%A1%2C%20tudo%20bem%3F%20Meu%20nome%20%C3%A9%20Leonardo%2C%20trabalho%20com%20cria%C3%A7%C3%A3o%20de%20sites%20e%20card%C3%A1pios%20digitais%20para%20churrascarias.%0A%0AEstava%20no%20Google%20Maps%20e%20vi%20que%20a%20Na%20Brasa%20Espetaria%20tem%20uma%20excelente%20avalia%C3%A7%C3%A3o%20%284.6%20%E2%98%85%20com%2088%20avalia%C3%A7%C3%B5es%21%29%2C%20mas%20notei%20que%20voc%C3%AAs%20ainda%20n%C3%A3o%20possuem%20um%20site%20pr%C3%B3prio%20nem%20card%C3%A1pio%20interativo%20na%20bio%20do%20Instagram.%0A%0AHoje%20muitos%20clientes%20pesquisam%20no%20Google%20antes%20de%20sair%20para%20almo%C3%A7ar%20ou%20pedir%20delivery.%20Trabalho%20com%202%20op%C3%A7%C3%B5es%20bem%20pr%C3%A1ticas%20para%20restaurantes%3A%0A%0A1.%20%F0%9F%93%B1%20Card%C3%A1pio%20Digital%20no%20WhatsApp%20%28o%20cliente%20monta%20o%20pedido%20e%20envia%20pronto%20direto%20pro%20seu%20WhatsApp%20-%20op%C3%A7%C3%A3o%20mais%20econ%C3%B4mica%29.%0A2.%20%F0%9F%92%B3%20Site%20Completo%20com%20Pagamento%20Online%20%28o%20cliente%20faz%20o%20pedido%20e%20realiza%20o%20pagamento%20direto%20pelo%20site%29.%0A%0APosso%20te%20explicar%20rapidinho%20como%20funciona%20e%20te%20passar%20os%20valores%20sem%20compromisso%3F,"R. Juan Vicente, 482 - Bandeiras, Osasco - SP, 06160-180",Bandeiras,Osasco - SP,"Restaurante, Churrascaria",4.6,88,Não,https://www.google.com/maps/place/?q=place_id:ChIJX1Bwc-__zpQRKVxIjVd_nAo
64,Restaurante Sabor do Churrasco,(31) 99985-2644,https://wa.me/5531999852644?text=Ol%C3%A1%2C%20tudo%20bem%3F%20Meu%20nome%20%C3%A9%20Leonardo%2C%20trabalho%20com%20cria%C3%A7%C3%A3o%20de%20sites%20e%20card%C3%A1pios%20digitais%20para%20churrascarias.%0A%0AEstava%20no%20Google%20Maps%20e%20vi%20que%20a%20Restaurante%20Sabor%20do%20Churrasco%20tem%20uma%20excelente%20avalia%C3%A7%C3%A3o%20%284.2%20%E2%98%85%20com%2086%20avalia%C3%A7%C3%B5es%21%29%2C%20mas%20notei%20que%20voc%C3%AAs%20ainda%20n%C3%A3o%20possuem%20um%20site%20pr%C3%B3prio%20nem%20card%C3%A1pio%20interativo%20na%20bio%20do%20Instagram.%0A%0AHoje%20muitos%20clientes%20pesquisam%20no%20Google%20antes%20de%20sair%20para%20almo%C3%A7ar%20ou%20pedir%20delivery.%20Trabalho%20com%202%20op%C3%A7%C3%B5es%20bem%20pr%C3%A1ticas%20para%20restaurantes%3A%0A%0A1.%20%F0%9F%93%B1%20Card%C3%A1pio%20Digital%20no%20WhatsApp%20%28o%20cliente%20monta%20o%20pedido%20e%20envia%20pronto%20direto%20pro%20seu%20WhatsApp%20-%20op%C3%A7%C3%A3o%20mais%20econ%C3%B4mica%29.%0A2.%20%F0%9F%92%B3%20Site%20Completo%20com%20Pagamento%20Online%20%28o%20cliente%20faz%20o%20pedido%20e%20realiza%20o%20pagamento%20direto%20pelo%20site%29.%0A%0APosso%20te%20explicar%20rapidinho%20como%20funciona%20e%20te%20passar%20os%20valores%20sem%20compromisso%3F,"Av. Tapajós, 414 - São Caetano, Betim - MG, 32240-060",São Caetano,Betim - MG,Restaurante,4.2,86,Não,https://www.google.com/maps/place/?q=place_id:ChIJuY7QDrDBpgAR0cB3NRW4WoI
65,Redwood Smokehouse,(45) 99810-0055,https://wa.me/5545998100055?text=Ol%C3%A1%2C%20tudo%20bem%3F%20Meu%20nome%20%C3%A9%20Leonardo%2C%20trabalho%20com%20cria%C3%A7%C3%A3o%20de%20sites%20e%20card%C3%A1pios%20digitais%20para%20churrascarias.%0A%0AEstava%20no%20Google%20Maps%20e%20vi%20que%20a%20Redwood%20Smokehouse%20tem%20uma%20excelente%20avalia%C3%A7%C3%A3o%20%284.4%20%E2%98%85%20com%2078%20avalia%C3%A7%C3%B5es%21%29%2C%20mas%20notei%20que%20voc%C3%AAs%20ainda%20n%C3%A3o%20possuem%20um%20site%20pr%C3%B3prio%20nem%20card%C3%A1pio%20interativo%20na%20bio%20do%20Instagram.%0A%0AHoje%20muitos%20clientes%20pesquisam%20no%20Google%20antes%20de%20sair%20para%20almo%C3%A7ar%20ou%20pedir%20delivery.%20Trabalho%20com%202%20op%C3%A7%C3%B5es%20bem%20pr%C3%A1ticas%20para%20restaurantes%3A%0A%0A1.%20%F0%9F%93%B1%20Card%C3%A1pio%20Digital%20no%20WhatsApp%20%28o%20cliente%20monta%20o%20pedido%20e%20envia%20pronto%20direto%20pro%20seu%20WhatsApp%20-%20op%C3%A7%C3%A3o%20mais%20econ%C3%B4mica%29.%0A2.%20%F0%9F%92%B3%20Site%20Completo%20com%20Pagamento%20Online%20%28o%20cliente%20faz%20o%20pedido%20e%20realiza%20o%20pagamento%20direto%20pelo%20site%29.%0A%0APosso%20te%20explicar%20rapidinho%20como%20funciona%20e%20te%20passar%20os%20valores%20sem%20compromisso%3F,"praça de alimentação - Catuaí Shopping - Av. Brasil, 3561 - Região do Lago, Cascavel - PR, 85812-500",Região do Lago,"Av. Brasil, 3561 - Região do Lago",Churrascaria,4.4,78,Não,https://www.google.com/maps/place/?q=place_id:ChIJaTUmAK3V85QRqjCTCc5qzQ4
66,Churrasco do Gaúcho,(11) 94445-1681,https://wa.me/5511944451681?text=Ol%C3%A1%2C%20tudo%20bem%3F%20Meu%20nome%20%C3%A9%20Leonardo%2C%20trabalho%20com%20cria%C3%A7%C3%A3o%20de%20sites%20e%20card%C3%A1pios%20digitais%20para%20churrascarias.%0A%0AEstava%20no%20Google%20Maps%20e%20vi%20que%20a%20Churrasco%20do%20Ga%C3%BAcho%20tem%20uma%20excelente%20avalia%C3%A7%C3%A3o%20%283.9%20%E2%98%85%20com%2070%20avalia%C3%A7%C3%B5es%21%29%2C%20mas%20notei%20que%20voc%C3%AAs%20ainda%20n%C3%A3o%20possuem%20um%20site%20pr%C3%B3prio%20nem%20card%C3%A1pio%20interativo%20na%20bio%20do%20Instagram.%0A%0AHoje%20muitos%20clientes%20pesquisam%20no%20Google%20antes%20de%20sair%20para%20almo%C3%A7ar%20ou%20pedir%20delivery.%20Trabalho%20com%202%20op%C3%A7%C3%B5es%20bem%20pr%C3%A1ticas%20para%20restaurantes%3A%0A%0A1.%20%F0%9F%93%B1%20Card%C3%A1pio%20Digital%20no%20WhatsApp%20%28o%20cliente%20monta%20o%20pedido%20e%20envia%20pronto%20direto%20pro%20seu%20WhatsApp%20-%20op%C3%A7%C3%A3o%20mais%20econ%C3%B4mica%29.%0A2.%20%F0%9F%92%B3%20Site%20Completo%20com%20Pagamento%20Online%20%28o%20cliente%20faz%20o%20pedido%20e%20realiza%20o%20pagamento%20direto%20pelo%20site%29.%0A%0APosso%20te%20explicar%20rapidinho%20como%20funciona%20e%20te%20passar%20os%20valores%20sem%20compromisso%3F,"Av. Santo Estevao, 74 - Vila Silviania, Carapicuíba - SP, 63214-490",Vila Silviania,Carapicuíba - SP,Restaurante,3.9,70,Não,https://www.google.com/maps/place/?q=place_id:ChIJzQV2O9UBz5QRweRFp-ruzOs
67,Churrasco na Brasa,(38) 99747-5678,https://wa.me/5538997475678?text=Ol%C3%A1%2C%20tudo%20bem%3F%20Meu%20nome%20%C3%A9%20Leonardo%2C%20trabalho%20com%20cria%C3%A7%C3%A3o%20de%20sites%20e%20card%C3%A1pios%20digitais%20para%20churrascarias.%0A%0AEstava%20no%20Google%20Maps%20e%20vi%20que%20a%20Churrasco%20na%20Brasa%20tem%20uma%20excelente%20avalia%C3%A7%C3%A3o%20%284.3%20%E2%98%85%20com%2067%20avalia%C3%A7%C3%B5es%21%29%2C%20mas%20notei%20que%20voc%C3%AAs%20ainda%20n%C3%A3o%20possuem%20um%20site%20pr%C3%B3prio%20nem%20card%C3%A1pio%20interativo%20na%20bio%20do%20Instagram.%0A%0AHoje%20muitos%20clientes%20pesquisam%20no%20Google%20antes%20de%20sair%20para%20almo%C3%A7ar%20ou%20pedir%20delivery.%20Trabalho%20com%202%20op%C3%A7%C3%B5es%20bem%20pr%C3%A1ticas%20para%20restaurantes%3A%0A%0A1.%20%F0%9F%93%B1%20Card%C3%A1pio%20Digital%20no%20WhatsApp%20%28o%20cliente%20monta%20o%20pedido%20e%20envia%20pronto%20direto%20pro%20seu%20WhatsApp%20-%20op%C3%A7%C3%A3o%20mais%20econ%C3%B4mica%29.%0A2.%20%F0%9F%92%B3%20Site%20Completo%20com%20Pagamento%20Online%20%28o%20cliente%20faz%20o%20pedido%20e%20realiza%20o%20pagamento%20direto%20pelo%20site%29.%0A%0APosso%20te%20explicar%20rapidinho%20como%20funciona%20e%20te%20passar%20os%20valores%20sem%20compromisso%3F,"R. Boa Esperança, 317 A - Vila Sumare, Montes Claros - MG, 39402-319",Vila Sumare,Montes Claros - MG,"Churrascaria, Restaurante",4.3,67,Não,https://www.google.com/maps/place/?q=place_id:ChIJxxlBtWBVqwAR7ibqMlD_gaw
68,Don Juan Restaurante Churrascaria,(11) 94851-4899,https://wa.me/5511948514899?text=Ol%C3%A1%2C%20tudo%20bem%3F%20Meu%20nome%20%C3%A9%20Leonardo%2C%20trabalho%20com%20cria%C3%A7%C3%A3o%20de%20sites%20e%20card%C3%A1pios%20digitais%20para%20churrascarias.%0A%0AEstava%20no%20Google%20Maps%20e%20vi%20que%20a%20Don%20Juan%20Restaurante%20Churrascaria%20tem%20uma%20excelente%20avalia%C3%A7%C3%A3o%20%283.4%20%E2%98%85%20com%2061%20avalia%C3%A7%C3%B5es%21%29%2C%20mas%20notei%20que%20voc%C3%AAs%20ainda%20n%C3%A3o%20possuem%20um%20site%20pr%C3%B3prio%20nem%20card%C3%A1pio%20interativo%20na%20bio%20do%20Instagram.%0A%0AHoje%20muitos%20clientes%20pesquisam%20no%20Google%20antes%20de%20sair%20para%20almo%C3%A7ar%20ou%20pedir%20delivery.%20Trabalho%20com%202%20op%C3%A7%C3%B5es%20bem%20pr%C3%A1ticas%20para%20restaurantes%3A%0A%0A1.%20%F0%9F%93%B1%20Card%C3%A1pio%20Digital%20no%20WhatsApp%20%28o%20cliente%20monta%20o%20pedido%20e%20envia%20pronto%20direto%20pro%20seu%20WhatsApp%20-%20op%C3%A7%C3%A3o%20mais%20econ%C3%B4mica%29.%0A2.%20%F0%9F%92%B3%20Site%20Completo%20com%20Pagamento%20Online%20%28o%20cliente%20faz%20o%20pedido%20e%20realiza%20o%20pagamento%20direto%20pelo%20site%29.%0A%0APosso%20te%20explicar%20rapidinho%20como%20funciona%20e%20te%20passar%20os%20valores%20sem%20compromisso%3F,"Rua Jean de Brienne, 142 - Jardim Novo Santo Amaro, São Paulo - SP, 05816-170",Jardim Novo Santo Amaro,São Paulo - SP,Restaurante brasileiro,3.4,61,Não,https://www.google.com/maps/place/?q=place_id:ChIJIVnuz7lRzpQR-jTe3P5Gyds
69,Caseiro Grill RJ,(21) 97427-3172,https://wa.me/5521974273172?text=Ol%C3%A1%2C%20tudo%20bem%3F%20Meu%20nome%20%C3%A9%20Leonardo%2C%20trabalho%20com%20cria%C3%A7%C3%A3o%20de%20sites%20e%20card%C3%A1pios%20digitais%20para%20churrascarias.%0A%0AEstava%20no%20Google%20Maps%20e%20vi%20que%20a%20Caseiro%20Grill%20RJ%20tem%20uma%20excelente%20avalia%C3%A7%C3%A3o%20%284.4%20%E2%98%85%20com%2060%20avalia%C3%A7%C3%B5es%21%29%2C%20mas%20notei%20que%20voc%C3%AAs%20ainda%20n%C3%A3o%20possuem%20um%20site%20pr%C3%B3prio%20nem%20card%C3%A1pio%20interativo%20na%20bio%20do%20Instagram.%0A%0AHoje%20muitos%20clientes%20pesquisam%20no%20Google%20antes%20de%20sair%20para%20almo%C3%A7ar%20ou%20pedir%20delivery.%20Trabalho%20com%202%20op%C3%A7%C3%B5es%20bem%20pr%C3%A1ticas%20para%20restaurantes%3A%0A%0A1.%20%F0%9F%93%B1%20Card%C3%A1pio%20Digital%20no%20WhatsApp%20%28o%20cliente%20monta%20o%20pedido%20e%20envia%20pronto%20direto%20pro%20seu%20WhatsApp%20-%20op%C3%A7%C3%A3o%20mais%20econ%C3%B4mica%29.%0A2.%20%F0%9F%92%B3%20Site%20Completo%20com%20Pagamento%20Online%20%28o%20cliente%20faz%20o%20pedido%20e%20realiza%20o%20pagamento%20direto%20pelo%20site%29.%0A%0APosso%20te%20explicar%20rapidinho%20como%20funciona%20e%20te%20passar%20os%20valores%20sem%20compromisso%3F,"R. Firmino Fragoso, 159 - Madureira, Rio de Janeiro - RJ, 21351-090",Madureira,Rio de Janeiro - RJ,Restaurante,4.4,60,Não,https://www.google.com/maps/place/?q=place_id:ChIJSS1eCS5jmQARaYGqCYNxJ_8
70,GS Espetinhos,(31) 98820-5486,https://wa.me/5531988205486?text=Ol%C3%A1%2C%20tudo%20bem%3F%20Meu%20nome%20%C3%A9%20Leonardo%2C%20trabalho%20com%20cria%C3%A7%C3%A3o%20de%20sites%20e%20card%C3%A1pios%20digitais%20para%20churrascarias.%0A%0AEstava%20no%20Google%20Maps%20e%20vi%20que%20a%20GS%20Espetinhos%20tem%20uma%20excelente%20avalia%C3%A7%C3%A3o%20%285.0%20%E2%98%85%20com%2060%20avalia%C3%A7%C3%B5es%21%29%2C%20mas%20notei%20que%20voc%C3%AAs%20ainda%20n%C3%A3o%20possuem%20um%20site%20pr%C3%B3prio%20nem%20card%C3%A1pio%20interativo%20na%20bio%20do%20Instagram.%0A%0AHoje%20muitos%20clientes%20pesquisam%20no%20Google%20antes%20de%20sair%20para%20almo%C3%A7ar%20ou%20pedir%20delivery.%20Trabalho%20com%202%20op%C3%A7%C3%B5es%20bem%20pr%C3%A1ticas%20para%20restaurantes%3A%0A%0A1.%20%F0%9F%93%B1%20Card%C3%A1pio%20Digital%20no%20WhatsApp%20%28o%20cliente%20monta%20o%20pedido%20e%20envia%20pronto%20direto%20pro%20seu%20WhatsApp%20-%20op%C3%A7%C3%A3o%20mais%20econ%C3%B4mica%29.%0A2.%20%F0%9F%92%B3%20Site%20Completo%20com%20Pagamento%20Online%20%28o%20cliente%20faz%20o%20pedido%20e%20realiza%20o%20pagamento%20direto%20pelo%20site%29.%0A%0APosso%20te%20explicar%20rapidinho%20como%20funciona%20e%20te%20passar%20os%20valores%20sem%20compromisso%3F,"R. São Borja, 34 - Boa Vista, Belo Horizonte - MG, 31060-210",Boa Vista,Belo Horizonte - MG,Atacadista de carnes,5.0,60,Não,https://www.google.com/maps/place/?q=place_id:ChIJob1OdU2apgARQ5VsR-iIirg
71,Churrascaria Braseiro Gaúcho,(11) 98994-6755,https://wa.me/5511989946755?text=Ol%C3%A1%2C%20tudo%20bem%3F%20Meu%20nome%20%C3%A9%20Leonardo%2C%20trabalho%20com%20cria%C3%A7%C3%A3o%20de%20sites%20e%20card%C3%A1pios%20digitais%20para%20churrascarias.%0A%0AEstava%20no%20Google%20Maps%20e%20vi%20que%20a%20Churrascaria%20Braseiro%20Ga%C3%BAcho%20tem%20uma%20excelente%20avalia%C3%A7%C3%A3o%20%284.7%20%E2%98%85%20com%2059%20avalia%C3%A7%C3%B5es%21%29%2C%20mas%20notei%20que%20voc%C3%AAs%20ainda%20n%C3%A3o%20possuem%20um%20site%20pr%C3%B3prio%20nem%20card%C3%A1pio%20interativo%20na%20bio%20do%20Instagram.%0A%0AHoje%20muitos%20clientes%20pesquisam%20no%20Google%20antes%20de%20sair%20para%20almo%C3%A7ar%20ou%20pedir%20delivery.%20Trabalho%20com%202%20op%C3%A7%C3%B5es%20bem%20pr%C3%A1ticas%20para%20restaurantes%3A%0A%0A1.%20%F0%9F%93%B1%20Card%C3%A1pio%20Digital%20no%20WhatsApp%20%28o%20cliente%20monta%20o%20pedido%20e%20envia%20pronto%20direto%20pro%20seu%20WhatsApp%20-%20op%C3%A7%C3%A3o%20mais%20econ%C3%B4mica%29.%0A2.%20%F0%9F%92%B3%20Site%20Completo%20com%20Pagamento%20Online%20%28o%20cliente%20faz%20o%20pedido%20e%20realiza%20o%20pagamento%20direto%20pelo%20site%29.%0A%0APosso%20te%20explicar%20rapidinho%20como%20funciona%20e%20te%20passar%20os%20valores%20sem%20compromisso%3F,"R. Gustavo Avelino Corrêa, 155 - Lj 2 - Vila Gustavo Correia, Carapicuíba - SP, 06310-310",Vila Gustavo Correia,Carapicuíba - SP,Churrascaria,4.7,59,Não,https://www.google.com/maps/place/?q=place_id:ChIJMTmWNcABz5QR9I51RdU0pSw
72,Buffet de Churrasco Rio de Janeiro - Gaabriel Churrasqueiro,(21) 97355-4188,https://wa.me/5521973554188?text=Ol%C3%A1%2C%20tudo%20bem%3F%20Meu%20nome%20%C3%A9%20Leonardo%2C%20trabalho%20com%20cria%C3%A7%C3%A3o%20de%20sites%20e%20card%C3%A1pios%20digitais%20para%20churrascarias.%0A%0AEstava%20no%20Google%20Maps%20e%20vi%20que%20a%20Buffet%20de%20Churrasco%20Rio%20de%20Janeiro%20-%20Gaabriel%20Churrasqueiro%20tem%20uma%20excelente%20avalia%C3%A7%C3%A3o%20%285.0%20%E2%98%85%20com%2052%20avalia%C3%A7%C3%B5es%21%29%2C%20mas%20notei%20que%20voc%C3%AAs%20ainda%20n%C3%A3o%20possuem%20um%20site%20pr%C3%B3prio%20nem%20card%C3%A1pio%20interativo%20na%20bio%20do%20Instagram.%0A%0AHoje%20muitos%20clientes%20pesquisam%20no%20Google%20antes%20de%20sair%20para%20almo%C3%A7ar%20ou%20pedir%20delivery.%20Trabalho%20com%202%20op%C3%A7%C3%B5es%20bem%20pr%C3%A1ticas%20para%20restaurantes%3A%0A%0A1.%20%F0%9F%93%B1%20Card%C3%A1pio%20Digital%20no%20WhatsApp%20%28o%20cliente%20monta%20o%20pedido%20e%20envia%20pronto%20direto%20pro%20seu%20WhatsApp%20-%20op%C3%A7%C3%A3o%20mais%20econ%C3%B4mica%29.%0A2.%20%F0%9F%92%B3%20Site%20Completo%20com%20Pagamento%20Online%20%28o%20cliente%20faz%20o%20pedido%20e%20realiza%20o%20pagamento%20direto%20pelo%20site%29.%0A%0APosso%20te%20explicar%20rapidinho%20como%20funciona%20e%20te%20passar%20os%20valores%20sem%20compromisso%3F,"Rua Água Marinha, 248 - Vila Sarapui, Duque de Caxias - RJ, 25050-190",Vila Sarapui,Duque de Caxias - RJ,"Churrascaria, Buffet de casamento",5.0,52,Não,https://www.google.com/maps/place/?q=place_id:ChIJRaWLyXRxmQAR6CJgqLQ2oyI
73,Churrasquin,(13) 98860-3997,https://wa.me/5513988603997?text=Ol%C3%A1%2C%20tudo%20bem%3F%20Meu%20nome%20%C3%A9%20Leonardo%2C%20trabalho%20com%20cria%C3%A7%C3%A3o%20de%20sites%20e%20card%C3%A1pios%20digitais%20para%20churrascarias.%0A%0AEstava%20no%20Google%20Maps%20e%20vi%20que%20a%20Churrasquin%20tem%20uma%20excelente%20avalia%C3%A7%C3%A3o%20%284.7%20%E2%98%85%20com%2051%20avalia%C3%A7%C3%B5es%21%29%2C%20mas%20notei%20que%20voc%C3%AAs%20ainda%20n%C3%A3o%20possuem%20um%20site%20pr%C3%B3prio%20nem%20card%C3%A1pio%20interativo%20na%20bio%20do%20Instagram.%0A%0AHoje%20muitos%20clientes%20pesquisam%20no%20Google%20antes%20de%20sair%20para%20almo%C3%A7ar%20ou%20pedir%20delivery.%20Trabalho%20com%202%20op%C3%A7%C3%B5es%20bem%20pr%C3%A1ticas%20para%20restaurantes%3A%0A%0A1.%20%F0%9F%93%B1%20Card%C3%A1pio%20Digital%20no%20WhatsApp%20%28o%20cliente%20monta%20o%20pedido%20e%20envia%20pronto%20direto%20pro%20seu%20WhatsApp%20-%20op%C3%A7%C3%A3o%20mais%20econ%C3%B4mica%29.%0A2.%20%F0%9F%92%B3%20Site%20Completo%20com%20Pagamento%20Online%20%28o%20cliente%20faz%20o%20pedido%20e%20realiza%20o%20pagamento%20direto%20pelo%20site%29.%0A%0APosso%20te%20explicar%20rapidinho%20como%20funciona%20e%20te%20passar%20os%20valores%20sem%20compromisso%3F,"R. Monte Plano, 624 - Vila Margarida, São Vicente - SP, 11330-707",Vila Margarida,São Vicente - SP,Churrascaria,4.7,51,Não,https://www.google.com/maps/place/?q=place_id:ChIJ2wITT3cdzpQRp76l5wqW_5A
74,Nabrasa Evento,(11) 94081-5255,https://wa.me/5511940815255?text=Ol%C3%A1%2C%20tudo%20bem%3F%20Meu%20nome%20%C3%A9%20Leonardo%2C%20trabalho%20com%20cria%C3%A7%C3%A3o%20de%20sites%20e%20card%C3%A1pios%20digitais%20para%20churrascarias.%0A%0AEstava%20no%20Google%20Maps%20e%20vi%20que%20a%20Nabrasa%20Evento%20tem%20uma%20excelente%20avalia%C3%A7%C3%A3o%20%285.0%20%E2%98%85%20com%2049%20avalia%C3%A7%C3%B5es%21%29%2C%20mas%20notei%20que%20voc%C3%AAs%20ainda%20n%C3%A3o%20possuem%20um%20site%20pr%C3%B3prio%20nem%20card%C3%A1pio%20interativo%20na%20bio%20do%20Instagram.%0A%0AHoje%20muitos%20clientes%20pesquisam%20no%20Google%20antes%20de%20sair%20para%20almo%C3%A7ar%20ou%20pedir%20delivery.%20Trabalho%20com%202%20op%C3%A7%C3%B5es%20bem%20pr%C3%A1ticas%20para%20restaurantes%3A%0A%0A1.%20%F0%9F%93%B1%20Card%C3%A1pio%20Digital%20no%20WhatsApp%20%28o%20cliente%20monta%20o%20pedido%20e%20envia%20pronto%20direto%20pro%20seu%20WhatsApp%20-%20op%C3%A7%C3%A3o%20mais%20econ%C3%B4mica%29.%0A2.%20%F0%9F%92%B3%20Site%20Completo%20com%20Pagamento%20Online%20%28o%20cliente%20faz%20o%20pedido%20e%20realiza%20o%20pagamento%20direto%20pelo%20site%29.%0A%0APosso%20te%20explicar%20rapidinho%20como%20funciona%20e%20te%20passar%20os%20valores%20sem%20compromisso%3F,"R. Silvio Nogueira, 80 - Vila Santa Flora, Itapevi - SP, 06680-050",Vila Santa Flora,Itapevi - SP,Área para churrasco,5.0,49,Não,https://www.google.com/maps/place/?q=place_id:ChIJU6vNdRUFz5QRI9J6sZTOPsc
75,Casa de assado e açaí jardim natal,(11) 99766-2849,https://wa.me/5511997662849?text=Ol%C3%A1%2C%20tudo%20bem%3F%20Meu%20nome%20%C3%A9%20Leonardo%2C%20trabalho%20com%20cria%C3%A7%C3%A3o%20de%20sites%20e%20card%C3%A1pios%20digitais%20para%20churrascarias.%0A%0AEstava%20no%20Google%20Maps%20e%20vi%20que%20a%20Casa%20de%20assado%20e%20a%C3%A7a%C3%AD%20jardim%20natal%20tem%20uma%20excelente%20avalia%C3%A7%C3%A3o%20%284.9%20%E2%98%85%20com%2046%20avalia%C3%A7%C3%B5es%21%29%2C%20mas%20notei%20que%20voc%C3%AAs%20ainda%20n%C3%A3o%20possuem%20um%20site%20pr%C3%B3prio%20nem%20card%C3%A1pio%20interativo%20na%20bio%20do%20Instagram.%0A%0AHoje%20muitos%20clientes%20pesquisam%20no%20Google%20antes%20de%20sair%20para%20almo%C3%A7ar%20ou%20pedir%20delivery.%20Trabalho%20com%202%20op%C3%A7%C3%B5es%20bem%20pr%C3%A1ticas%20para%20restaurantes%3A%0A%0A1.%20%F0%9F%93%B1%20Card%C3%A1pio%20Digital%20no%20WhatsApp%20%28o%20cliente%20monta%20o%20pedido%20e%20envia%20pronto%20direto%20pro%20seu%20WhatsApp%20-%20op%C3%A7%C3%A3o%20mais%20econ%C3%B4mica%29.%0A2.%20%F0%9F%92%B3%20Site%20Completo%20com%20Pagamento%20Online%20%28o%20cliente%20faz%20o%20pedido%20e%20realiza%20o%20pagamento%20direto%20pelo%20site%29.%0A%0APosso%20te%20explicar%20rapidinho%20como%20funciona%20e%20te%20passar%20os%20valores%20sem%20compromisso%3F,"Av. Maria Helena, 208 - Jardim Natal, Suzano - SP, 08613-290",Jardim Natal,Suzano - SP,Churrascaria,4.9,46,Não,https://www.google.com/maps/place/?q=place_id:ChIJ4z9AGmJ7zpQRKP-xONLfHiI
76,Arujá Grill,(11) 97080-2805,https://wa.me/5511970802805?text=Ol%C3%A1%2C%20tudo%20bem%3F%20Meu%20nome%20%C3%A9%20Leonardo%2C%20trabalho%20com%20cria%C3%A7%C3%A3o%20de%20sites%20e%20card%C3%A1pios%20digitais%20para%20churrascarias.%0A%0AEstava%20no%20Google%20Maps%20e%20vi%20que%20a%20Aruj%C3%A1%20Grill%20tem%20uma%20excelente%20avalia%C3%A7%C3%A3o%20%284.4%20%E2%98%85%20com%2045%20avalia%C3%A7%C3%B5es%21%29%2C%20mas%20notei%20que%20voc%C3%AAs%20ainda%20n%C3%A3o%20possuem%20um%20site%20pr%C3%B3prio%20nem%20card%C3%A1pio%20interativo%20na%20bio%20do%20Instagram.%0A%0AHoje%20muitos%20clientes%20pesquisam%20no%20Google%20antes%20de%20sair%20para%20almo%C3%A7ar%20ou%20pedir%20delivery.%20Trabalho%20com%202%20op%C3%A7%C3%B5es%20bem%20pr%C3%A1ticas%20para%20restaurantes%3A%0A%0A1.%20%F0%9F%93%B1%20Card%C3%A1pio%20Digital%20no%20WhatsApp%20%28o%20cliente%20monta%20o%20pedido%20e%20envia%20pronto%20direto%20pro%20seu%20WhatsApp%20-%20op%C3%A7%C3%A3o%20mais%20econ%C3%B4mica%29.%0A2.%20%F0%9F%92%B3%20Site%20Completo%20com%20Pagamento%20Online%20%28o%20cliente%20faz%20o%20pedido%20e%20realiza%20o%20pagamento%20direto%20pelo%20site%29.%0A%0APosso%20te%20explicar%20rapidinho%20como%20funciona%20e%20te%20passar%20os%20valores%20sem%20compromisso%3F,"Estr. do Cabreúva, 935 - Vila Santa Lucia, Carapicuíba - SP, 06321-001",Vila Santa Lucia,Carapicuíba - SP,Restaurante,4.4,45,Não,https://www.google.com/maps/place/?q=place_id:ChIJhyKE4tQBz5QR9flIaHTCpV8
77,Arlete Bar e Churrascaria,(38) 99900-0284,https://wa.me/5538999000284?text=Ol%C3%A1%2C%20tudo%20bem%3F%20Meu%20nome%20%C3%A9%20Leonardo%2C%20trabalho%20com%20cria%C3%A7%C3%A3o%20de%20sites%20e%20card%C3%A1pios%20digitais%20para%20churrascarias.%0A%0AEstava%20no%20Google%20Maps%20e%20vi%20que%20a%20Arlete%20Bar%20e%20Churrascaria%20tem%20uma%20excelente%20avalia%C3%A7%C3%A3o%20%284.7%20%E2%98%85%20com%2045%20avalia%C3%A7%C3%B5es%21%29%2C%20mas%20notei%20que%20voc%C3%AAs%20ainda%20n%C3%A3o%20possuem%20um%20site%20pr%C3%B3prio%20nem%20card%C3%A1pio%20interativo%20na%20bio%20do%20Instagram.%0A%0AHoje%20muitos%20clientes%20pesquisam%20no%20Google%20antes%20de%20sair%20para%20almo%C3%A7ar%20ou%20pedir%20delivery.%20Trabalho%20com%202%20op%C3%A7%C3%B5es%20bem%20pr%C3%A1ticas%20para%20restaurantes%3A%0A%0A1.%20%F0%9F%93%B1%20Card%C3%A1pio%20Digital%20no%20WhatsApp%20%28o%20cliente%20monta%20o%20pedido%20e%20envia%20pronto%20direto%20pro%20seu%20WhatsApp%20-%20op%C3%A7%C3%A3o%20mais%20econ%C3%B4mica%29.%0A2.%20%F0%9F%92%B3%20Site%20Completo%20com%20Pagamento%20Online%20%28o%20cliente%20faz%20o%20pedido%20e%20realiza%20o%20pagamento%20direto%20pelo%20site%29.%0A%0APosso%20te%20explicar%20rapidinho%20como%20funciona%20e%20te%20passar%20os%20valores%20sem%20compromisso%3F,"R. Cristiano de Carvalho, 111A - Vila Exposicao, Montes Claros - MG, 39400-524",Vila Exposicao,Montes Claros - MG,"Churrascaria, Restaurante, Bar",4.7,45,Não,https://www.google.com/maps/place/?q=place_id:ChIJKS9p-hKrVAcR7Qd_ldh12H8
78,Espetô - Espetinhos & Cervejas,(31) 99944-4052,https://wa.me/5531999444052?text=Ol%C3%A1%2C%20tudo%20bem%3F%20Meu%20nome%20%C3%A9%20Leonardo%2C%20trabalho%20com%20cria%C3%A7%C3%A3o%20de%20sites%20e%20card%C3%A1pios%20digitais%20para%20churrascarias.%0A%0AEstava%20no%20Google%20Maps%20e%20vi%20que%20a%20Espet%C3%B4%20-%20Espetinhos%20%26%20Cervejas%20tem%20uma%20excelente%20avalia%C3%A7%C3%A3o%20%284.9%20%E2%98%85%20com%2044%20avalia%C3%A7%C3%B5es%21%29%2C%20mas%20notei%20que%20voc%C3%AAs%20ainda%20n%C3%A3o%20possuem%20um%20site%20pr%C3%B3prio%20nem%20card%C3%A1pio%20interativo%20na%20bio%20do%20Instagram.%0A%0AHoje%20muitos%20clientes%20pesquisam%20no%20Google%20antes%20de%20sair%20para%20almo%C3%A7ar%20ou%20pedir%20delivery.%20Trabalho%20com%202%20op%C3%A7%C3%B5es%20bem%20pr%C3%A1ticas%20para%20restaurantes%3A%0A%0A1.%20%F0%9F%93%B1%20Card%C3%A1pio%20Digital%20no%20WhatsApp%20%28o%20cliente%20monta%20o%20pedido%20e%20envia%20pronto%20direto%20pro%20seu%20WhatsApp%20-%20op%C3%A7%C3%A3o%20mais%20econ%C3%B4mica%29.%0A2.%20%F0%9F%92%B3%20Site%20Completo%20com%20Pagamento%20Online%20%28o%20cliente%20faz%20o%20pedido%20e%20realiza%20o%20pagamento%20direto%20pelo%20site%29.%0A%0APosso%20te%20explicar%20rapidinho%20como%20funciona%20e%20te%20passar%20os%20valores%20sem%20compromisso%3F,"R. Sergipe, 1440 - Lj 3 - Savassi, Belo Horizonte - MG, 30130-174",Savassi,Belo Horizonte - MG,Bares,4.9,44,Não,https://www.google.com/maps/place/?q=place_id:ChIJL-CYMB-ZpgARt0JEypQEKSM
79,Restaurante e churrascaria 34😋,(11) 95060-0550,https://wa.me/5511950600550?text=Ol%C3%A1%2C%20tudo%20bem%3F%20Meu%20nome%20%C3%A9%20Leonardo%2C%20trabalho%20com%20cria%C3%A7%C3%A3o%20de%20sites%20e%20card%C3%A1pios%20digitais%20para%20churrascarias.%0A%0AEstava%20no%20Google%20Maps%20e%20vi%20que%20a%20Restaurante%20e%20churrascaria%2034%F0%9F%98%8B%20tem%20uma%20excelente%20avalia%C3%A7%C3%A3o%20%284.9%20%E2%98%85%20com%2043%20avalia%C3%A7%C3%B5es%21%29%2C%20mas%20notei%20que%20voc%C3%AAs%20ainda%20n%C3%A3o%20possuem%20um%20site%20pr%C3%B3prio%20nem%20card%C3%A1pio%20interativo%20na%20bio%20do%20Instagram.%0A%0AHoje%20muitos%20clientes%20pesquisam%20no%20Google%20antes%20de%20sair%20para%20almo%C3%A7ar%20ou%20pedir%20delivery.%20Trabalho%20com%202%20op%C3%A7%C3%B5es%20bem%20pr%C3%A1ticas%20para%20restaurantes%3A%0A%0A1.%20%F0%9F%93%B1%20Card%C3%A1pio%20Digital%20no%20WhatsApp%20%28o%20cliente%20monta%20o%20pedido%20e%20envia%20pronto%20direto%20pro%20seu%20WhatsApp%20-%20op%C3%A7%C3%A3o%20mais%20econ%C3%B4mica%29.%0A2.%20%F0%9F%92%B3%20Site%20Completo%20com%20Pagamento%20Online%20%28o%20cliente%20faz%20o%20pedido%20e%20realiza%20o%20pagamento%20direto%20pelo%20site%29.%0A%0APosso%20te%20explicar%20rapidinho%20como%20funciona%20e%20te%20passar%20os%20valores%20sem%20compromisso%3F,"Estr. Estadual Barueri-Itapevi, 650 - Parque Nova Jandira, Jandira - SP, 06622-640",Parque Nova Jandira,Jandira - SP,Restaurante basco,4.9,43,Não,https://www.google.com/maps/place/?q=place_id:ChIJgcUzpBUBz5QRydVRu4n1uQE
80,Império Do Churrasco,(11) 95384-9638,https://wa.me/5511953849638?text=Ol%C3%A1%2C%20tudo%20bem%3F%20Meu%20nome%20%C3%A9%20Leonardo%2C%20trabalho%20com%20cria%C3%A7%C3%A3o%20de%20sites%20e%20card%C3%A1pios%20digitais%20para%20churrascarias.%0A%0AEstava%20no%20Google%20Maps%20e%20vi%20que%20a%20Imp%C3%A9rio%20Do%20Churrasco%20tem%20uma%20excelente%20avalia%C3%A7%C3%A3o%20%284.7%20%E2%98%85%20com%2035%20avalia%C3%A7%C3%B5es%21%29%2C%20mas%20notei%20que%20voc%C3%AAs%20ainda%20n%C3%A3o%20possuem%20um%20site%20pr%C3%B3prio%20nem%20card%C3%A1pio%20interativo%20na%20bio%20do%20Instagram.%0A%0AHoje%20muitos%20clientes%20pesquisam%20no%20Google%20antes%20de%20sair%20para%20almo%C3%A7ar%20ou%20pedir%20delivery.%20Trabalho%20com%202%20op%C3%A7%C3%B5es%20bem%20pr%C3%A1ticas%20para%20restaurantes%3A%0A%0A1.%20%F0%9F%93%B1%20Card%C3%A1pio%20Digital%20no%20WhatsApp%20%28o%20cliente%20monta%20o%20pedido%20e%20envia%20pronto%20direto%20pro%20seu%20WhatsApp%20-%20op%C3%A7%C3%A3o%20mais%20econ%C3%B4mica%29.%0A2.%20%F0%9F%92%B3%20Site%20Completo%20com%20Pagamento%20Online%20%28o%20cliente%20faz%20o%20pedido%20e%20realiza%20o%20pagamento%20direto%20pelo%20site%29.%0A%0APosso%20te%20explicar%20rapidinho%20como%20funciona%20e%20te%20passar%20os%20valores%20sem%20compromisso%3F,"R. Claro Camargo Ribeiro, 368 - Amador Bueno, Itapevi - SP, 06680-410",Amador Bueno,Itapevi - SP,Restaurante,4.7,35,Não,https://www.google.com/maps/place/?q=place_id:ChIJ6fkE_FQPz5QRVBksAnfvNjM
81,Picanharia Brasa Gaúcha,(19) 98831-3580,https://wa.me/5519988313580?text=Ol%C3%A1%2C%20tudo%20bem%3F%20Meu%20nome%20%C3%A9%20Leonardo%2C%20trabalho%20com%20cria%C3%A7%C3%A3o%20de%20sites%20e%20card%C3%A1pios%20digitais%20para%20churrascarias.%0A%0AEstava%20no%20Google%20Maps%20e%20vi%20que%20a%20Picanharia%20Brasa%20Ga%C3%BAcha%20tem%20uma%20excelente%20avalia%C3%A7%C3%A3o%20%284.8%20%E2%98%85%20com%2035%20avalia%C3%A7%C3%B5es%21%29%2C%20mas%20notei%20que%20voc%C3%AAs%20ainda%20n%C3%A3o%20possuem%20um%20site%20pr%C3%B3prio%20nem%20card%C3%A1pio%20interativo%20na%20bio%20do%20Instagram.%0A%0AHoje%20muitos%20clientes%20pesquisam%20no%20Google%20antes%20de%20sair%20para%20almo%C3%A7ar%20ou%20pedir%20delivery.%20Trabalho%20com%202%20op%C3%A7%C3%B5es%20bem%20pr%C3%A1ticas%20para%20restaurantes%3A%0A%0A1.%20%F0%9F%93%B1%20Card%C3%A1pio%20Digital%20no%20WhatsApp%20%28o%20cliente%20monta%20o%20pedido%20e%20envia%20pronto%20direto%20pro%20seu%20WhatsApp%20-%20op%C3%A7%C3%A3o%20mais%20econ%C3%B4mica%29.%0A2.%20%F0%9F%92%B3%20Site%20Completo%20com%20Pagamento%20Online%20%28o%20cliente%20faz%20o%20pedido%20e%20realiza%20o%20pagamento%20direto%20pelo%20site%29.%0A%0APosso%20te%20explicar%20rapidinho%20como%20funciona%20e%20te%20passar%20os%20valores%20sem%20compromisso%3F,"Av. de Cillo, 3185 - Parque Novo Mundo, Americana - SP, 13467-600",Parque Novo Mundo,Americana - SP,Restaurante,4.8,35,Não,https://www.google.com/maps/place/?q=place_id:ChIJd6HjXSOZyJQR03BEND0y5ug
82,Churrascaria Queiroz Betim,(31) 99107-2796,https://wa.me/5531991072796?text=Ol%C3%A1%2C%20tudo%20bem%3F%20Meu%20nome%20%C3%A9%20Leonardo%2C%20trabalho%20com%20cria%C3%A7%C3%A3o%20de%20sites%20e%20card%C3%A1pios%20digitais%20para%20churrascarias.%0A%0AEstava%20no%20Google%20Maps%20e%20vi%20que%20a%20Churrascaria%20Queiroz%20Betim%20tem%20uma%20excelente%20avalia%C3%A7%C3%A3o%20%285.0%20%E2%98%85%20com%2026%20avalia%C3%A7%C3%B5es%21%29%2C%20mas%20notei%20que%20voc%C3%AAs%20ainda%20n%C3%A3o%20possuem%20um%20site%20pr%C3%B3prio%20nem%20card%C3%A1pio%20interativo%20na%20bio%20do%20Instagram.%0A%0AHoje%20muitos%20clientes%20pesquisam%20no%20Google%20antes%20de%20sair%20para%20almo%C3%A7ar%20ou%20pedir%20delivery.%20Trabalho%20com%202%20op%C3%A7%C3%B5es%20bem%20pr%C3%A1ticas%20para%20restaurantes%3A%0A%0A1.%20%F0%9F%93%B1%20Card%C3%A1pio%20Digital%20no%20WhatsApp%20%28o%20cliente%20monta%20o%20pedido%20e%20envia%20pronto%20direto%20pro%20seu%20WhatsApp%20-%20op%C3%A7%C3%A3o%20mais%20econ%C3%B4mica%29.%0A2.%20%F0%9F%92%B3%20Site%20Completo%20com%20Pagamento%20Online%20%28o%20cliente%20faz%20o%20pedido%20e%20realiza%20o%20pagamento%20direto%20pelo%20site%29.%0A%0APosso%20te%20explicar%20rapidinho%20como%20funciona%20e%20te%20passar%20os%20valores%20sem%20compromisso%3F,"Av. Tapajós, 1094 - São Caetano, Betim - MG, 32677-595",São Caetano,Betim - MG,Churrascaria,5.0,26,Não,https://www.google.com/maps/place/?q=place_id:ChIJrZxPUgDBpgAReEo-NWnauLE
83,ESPETINHO AVENIDA,(55) 99722-9658,https://wa.me/55997229658?text=Ol%C3%A1%2C%20tudo%20bem%3F%20Meu%20nome%20%C3%A9%20Leonardo%2C%20trabalho%20com%20cria%C3%A7%C3%A3o%20de%20sites%20e%20card%C3%A1pios%20digitais%20para%20churrascarias.%0A%0AEstava%20no%20Google%20Maps%20e%20vi%20que%20a%20ESPETINHO%20AVENIDA%20tem%20uma%20excelente%20avalia%C3%A7%C3%A3o%20%284.7%20%E2%98%85%20com%2025%20avalia%C3%A7%C3%B5es%21%29%2C%20mas%20notei%20que%20voc%C3%AAs%20ainda%20n%C3%A3o%20possuem%20um%20site%20pr%C3%B3prio%20nem%20card%C3%A1pio%20interativo%20na%20bio%20do%20Instagram.%0A%0AHoje%20muitos%20clientes%20pesquisam%20no%20Google%20antes%20de%20sair%20para%20almo%C3%A7ar%20ou%20pedir%20delivery.%20Trabalho%20com%202%20op%C3%A7%C3%B5es%20bem%20pr%C3%A1ticas%20para%20restaurantes%3A%0A%0A1.%20%F0%9F%93%B1%20Card%C3%A1pio%20Digital%20no%20WhatsApp%20%28o%20cliente%20monta%20o%20pedido%20e%20envia%20pronto%20direto%20pro%20seu%20WhatsApp%20-%20op%C3%A7%C3%A3o%20mais%20econ%C3%B4mica%29.%0A2.%20%F0%9F%92%B3%20Site%20Completo%20com%20Pagamento%20Online%20%28o%20cliente%20faz%20o%20pedido%20e%20realiza%20o%20pagamento%20direto%20pelo%20site%29.%0A%0APosso%20te%20explicar%20rapidinho%20como%20funciona%20e%20te%20passar%20os%20valores%20sem%20compromisso%3F,"Av. Américo Vespúcio, 2021 - Caiçaras, Belo Horizonte - MG, 31230-250",Caiçaras,Belo Horizonte - MG,Restaurante de churrasquinho,4.7,25,Não,https://www.google.com/maps/place/?q=place_id:ChIJtxR_gMqQpgARO8JgGEY3mYA
84,Esquina do Churrasco,(11) 96674-6625,https://wa.me/5511966746625?text=Ol%C3%A1%2C%20tudo%20bem%3F%20Meu%20nome%20%C3%A9%20Leonardo%2C%20trabalho%20com%20cria%C3%A7%C3%A3o%20de%20sites%20e%20card%C3%A1pios%20digitais%20para%20churrascarias.%0A%0AEstava%20no%20Google%20Maps%20e%20vi%20que%20a%20Esquina%20do%20Churrasco%20tem%20uma%20excelente%20avalia%C3%A7%C3%A3o%20%284.9%20%E2%98%85%20com%2019%20avalia%C3%A7%C3%B5es%21%29%2C%20mas%20notei%20que%20voc%C3%AAs%20ainda%20n%C3%A3o%20possuem%20um%20site%20pr%C3%B3prio%20nem%20card%C3%A1pio%20interativo%20na%20bio%20do%20Instagram.%0A%0AHoje%20muitos%20clientes%20pesquisam%20no%20Google%20antes%20de%20sair%20para%20almo%C3%A7ar%20ou%20pedir%20delivery.%20Trabalho%20com%202%20op%C3%A7%C3%B5es%20bem%20pr%C3%A1ticas%20para%20restaurantes%3A%0A%0A1.%20%F0%9F%93%B1%20Card%C3%A1pio%20Digital%20no%20WhatsApp%20%28o%20cliente%20monta%20o%20pedido%20e%20envia%20pronto%20direto%20pro%20seu%20WhatsApp%20-%20op%C3%A7%C3%A3o%20mais%20econ%C3%B4mica%29.%0A2.%20%F0%9F%92%B3%20Site%20Completo%20com%20Pagamento%20Online%20%28o%20cliente%20faz%20o%20pedido%20e%20realiza%20o%20pagamento%20direto%20pelo%20site%29.%0A%0APosso%20te%20explicar%20rapidinho%20como%20funciona%20e%20te%20passar%20os%20valores%20sem%20compromisso%3F,"Av. Fagundes de Oliveira, 1204 - Piraporinha, Diadema - SP, 09950-615",Piraporinha,Diadema - SP,Restaurante,4.9,19,Não,https://www.google.com/maps/place/?q=place_id:ChIJWWY2fmJDzpQR_QeXQGs7-NI
85,Churrasco do Brinco,(21) 98391-5561,https://wa.me/5521983915561?text=Ol%C3%A1%2C%20tudo%20bem%3F%20Meu%20nome%20%C3%A9%20Leonardo%2C%20trabalho%20com%20cria%C3%A7%C3%A3o%20de%20sites%20e%20card%C3%A1pios%20digitais%20para%20churrascarias.%0A%0AEstava%20no%20Google%20Maps%20e%20vi%20que%20a%20Churrasco%20do%20Brinco%20tem%20uma%20excelente%20avalia%C3%A7%C3%A3o%20%284.4%20%E2%98%85%20com%2018%20avalia%C3%A7%C3%B5es%21%29%2C%20mas%20notei%20que%20voc%C3%AAs%20ainda%20n%C3%A3o%20possuem%20um%20site%20pr%C3%B3prio%20nem%20card%C3%A1pio%20interativo%20na%20bio%20do%20Instagram.%0A%0AHoje%20muitos%20clientes%20pesquisam%20no%20Google%20antes%20de%20sair%20para%20almo%C3%A7ar%20ou%20pedir%20delivery.%20Trabalho%20com%202%20op%C3%A7%C3%B5es%20bem%20pr%C3%A1ticas%20para%20restaurantes%3A%0A%0A1.%20%F0%9F%93%B1%20Card%C3%A1pio%20Digital%20no%20WhatsApp%20%28o%20cliente%20monta%20o%20pedido%20e%20envia%20pronto%20direto%20pro%20seu%20WhatsApp%20-%20op%C3%A7%C3%A3o%20mais%20econ%C3%B4mica%29.%0A2.%20%F0%9F%92%B3%20Site%20Completo%20com%20Pagamento%20Online%20%28o%20cliente%20faz%20o%20pedido%20e%20realiza%20o%20pagamento%20direto%20pelo%20site%29.%0A%0APosso%20te%20explicar%20rapidinho%20como%20funciona%20e%20te%20passar%20os%20valores%20sem%20compromisso%3F,"Jacarepaguá, Rio de Janeiro - RJ, 22753-030",Jacarepaguá,Rio de Janeiro - RJ,Churrascaria,4.4,18,Não,https://www.google.com/maps/place/?q=place_id:ChIJYQEpKuHZmwARd53bHtqFEw4
86,Churraskilo Grill de Caxias,(21) 99257-1876,https://wa.me/5521992571876?text=Ol%C3%A1%2C%20tudo%20bem%3F%20Meu%20nome%20%C3%A9%20Leonardo%2C%20trabalho%20com%20cria%C3%A7%C3%A3o%20de%20sites%20e%20card%C3%A1pios%20digitais%20para%20churrascarias.%0A%0AEstava%20no%20Google%20Maps%20e%20vi%20que%20a%20Churraskilo%20Grill%20de%20Caxias%20tem%20uma%20excelente%20avalia%C3%A7%C3%A3o%20%284.3%20%E2%98%85%20com%2018%20avalia%C3%A7%C3%B5es%21%29%2C%20mas%20notei%20que%20voc%C3%AAs%20ainda%20n%C3%A3o%20possuem%20um%20site%20pr%C3%B3prio%20nem%20card%C3%A1pio%20interativo%20na%20bio%20do%20Instagram.%0A%0AHoje%20muitos%20clientes%20pesquisam%20no%20Google%20antes%20de%20sair%20para%20almo%C3%A7ar%20ou%20pedir%20delivery.%20Trabalho%20com%202%20op%C3%A7%C3%B5es%20bem%20pr%C3%A1ticas%20para%20restaurantes%3A%0A%0A1.%20%F0%9F%93%B1%20Card%C3%A1pio%20Digital%20no%20WhatsApp%20%28o%20cliente%20monta%20o%20pedido%20e%20envia%20pronto%20direto%20pro%20seu%20WhatsApp%20-%20op%C3%A7%C3%A3o%20mais%20econ%C3%B4mica%29.%0A2.%20%F0%9F%92%B3%20Site%20Completo%20com%20Pagamento%20Online%20%28o%20cliente%20faz%20o%20pedido%20e%20realiza%20o%20pagamento%20direto%20pelo%20site%29.%0A%0APosso%20te%20explicar%20rapidinho%20como%20funciona%20e%20te%20passar%20os%20valores%20sem%20compromisso%3F,"Av. Osório De Oliveira Filho - Centro, Duque de Caxias - RJ, 25025-237",Centro,Duque de Caxias - RJ,Churrascaria,4.3,18,Não,https://www.google.com/maps/place/?q=place_id:ChIJ9Q8Aob56mQARV5QktbzcxtU
87,Ponto da kafta - Espetinhos artesanais e Espetos gourmet - Belo Horizonte,(31) 99450-4978,https://wa.me/5531994504978?text=Ol%C3%A1%2C%20tudo%20bem%3F%20Meu%20nome%20%C3%A9%20Leonardo%2C%20trabalho%20com%20cria%C3%A7%C3%A3o%20de%20sites%20e%20card%C3%A1pios%20digitais%20para%20churrascarias.%0A%0AEstava%20no%20Google%20Maps%20e%20vi%20que%20a%20Ponto%20da%20kafta%20-%20Espetinhos%20artesanais%20e%20Espetos%20gourmet%20-%20Belo%20Horizonte%20tem%20uma%20excelente%20avalia%C3%A7%C3%A3o%20%285.0%20%E2%98%85%20com%2017%20avalia%C3%A7%C3%B5es%21%29%2C%20mas%20notei%20que%20voc%C3%AAs%20ainda%20n%C3%A3o%20possuem%20um%20site%20pr%C3%B3prio%20nem%20card%C3%A1pio%20interativo%20na%20bio%20do%20Instagram.%0A%0AHoje%20muitos%20clientes%20pesquisam%20no%20Google%20antes%20de%20sair%20para%20almo%C3%A7ar%20ou%20pedir%20delivery.%20Trabalho%20com%202%20op%C3%A7%C3%B5es%20bem%20pr%C3%A1ticas%20para%20restaurantes%3A%0A%0A1.%20%F0%9F%93%B1%20Card%C3%A1pio%20Digital%20no%20WhatsApp%20%28o%20cliente%20monta%20o%20pedido%20e%20envia%20pronto%20direto%20pro%20seu%20WhatsApp%20-%20op%C3%A7%C3%A3o%20mais%20econ%C3%B4mica%29.%0A2.%20%F0%9F%92%B3%20Site%20Completo%20com%20Pagamento%20Online%20%28o%20cliente%20faz%20o%20pedido%20e%20realiza%20o%20pagamento%20direto%20pelo%20site%29.%0A%0APosso%20te%20explicar%20rapidinho%20como%20funciona%20e%20te%20passar%20os%20valores%20sem%20compromisso%3F,"Rua Lagoa Formosa, 487 - Universitário, Belo Horizonte - MG, 31255-470",Universitário,Belo Horizonte - MG,"Atacadista de carnes, Açougue gourmet, Empório gourmet, Embalador de carnes, Loja de produtos cárneos",5.0,17,Não,https://www.google.com/maps/place/?q=place_id:ChIJd6VgIyeRpgARnjysuk8ytWM
88,Churrascaria Portal do Sul Grill,(19) 99654-9927,https://wa.me/5519996549927?text=Ol%C3%A1%2C%20tudo%20bem%3F%20Meu%20nome%20%C3%A9%20Leonardo%2C%20trabalho%20com%20cria%C3%A7%C3%A3o%20de%20sites%20e%20card%C3%A1pios%20digitais%20para%20churrascarias.%0A%0AEstava%20no%20Google%20Maps%20e%20vi%20que%20a%20Churrascaria%20Portal%20do%20Sul%20Grill%20tem%20uma%20excelente%20avalia%C3%A7%C3%A3o%20%284.8%20%E2%98%85%20com%2014%20avalia%C3%A7%C3%B5es%21%29%2C%20mas%20notei%20que%20voc%C3%AAs%20ainda%20n%C3%A3o%20possuem%20um%20site%20pr%C3%B3prio%20nem%20card%C3%A1pio%20interativo%20na%20bio%20do%20Instagram.%0A%0AHoje%20muitos%20clientes%20pesquisam%20no%20Google%20antes%20de%20sair%20para%20almo%C3%A7ar%20ou%20pedir%20delivery.%20Trabalho%20com%202%20op%C3%A7%C3%B5es%20bem%20pr%C3%A1ticas%20para%20restaurantes%3A%0A%0A1.%20%F0%9F%93%B1%20Card%C3%A1pio%20Digital%20no%20WhatsApp%20%28o%20cliente%20monta%20o%20pedido%20e%20envia%20pronto%20direto%20pro%20seu%20WhatsApp%20-%20op%C3%A7%C3%A3o%20mais%20econ%C3%B4mica%29.%0A2.%20%F0%9F%92%B3%20Site%20Completo%20com%20Pagamento%20Online%20%28o%20cliente%20faz%20o%20pedido%20e%20realiza%20o%20pagamento%20direto%20pelo%20site%29.%0A%0APosso%20te%20explicar%20rapidinho%20como%20funciona%20e%20te%20passar%20os%20valores%20sem%20compromisso%3F,"Av. M 15, 1420 - Jardim Cherveson, Rio Claro - SP, 13505-320",Jardim Cherveson,Rio Claro - SP,Churrascaria,4.8,14,Não,https://www.google.com/maps/place/?q=place_id:ChIJSTFiKgDbx5QR8jEspf8oGYk
89,Churrasco Nobre,(11) 94752-2597,https://wa.me/5511947522597?text=Ol%C3%A1%2C%20tudo%20bem%3F%20Meu%20nome%20%C3%A9%20Leonardo%2C%20trabalho%20com%20cria%C3%A7%C3%A3o%20de%20sites%20e%20card%C3%A1pios%20digitais%20para%20churrascarias.%0A%0AEstava%20no%20Google%20Maps%20e%20vi%20que%20a%20Churrasco%20Nobre%20tem%20uma%20excelente%20avalia%C3%A7%C3%A3o%20%284.7%20%E2%98%85%20com%2012%20avalia%C3%A7%C3%B5es%21%29%2C%20mas%20notei%20que%20voc%C3%AAs%20ainda%20n%C3%A3o%20possuem%20um%20site%20pr%C3%B3prio%20nem%20card%C3%A1pio%20interativo%20na%20bio%20do%20Instagram.%0A%0AHoje%20muitos%20clientes%20pesquisam%20no%20Google%20antes%20de%20sair%20para%20almo%C3%A7ar%20ou%20pedir%20delivery.%20Trabalho%20com%202%20op%C3%A7%C3%B5es%20bem%20pr%C3%A1ticas%20para%20restaurantes%3A%0A%0A1.%20%F0%9F%93%B1%20Card%C3%A1pio%20Digital%20no%20WhatsApp%20%28o%20cliente%20monta%20o%20pedido%20e%20envia%20pronto%20direto%20pro%20seu%20WhatsApp%20-%20op%C3%A7%C3%A3o%20mais%20econ%C3%B4mica%29.%0A2.%20%F0%9F%92%B3%20Site%20Completo%20com%20Pagamento%20Online%20%28o%20cliente%20faz%20o%20pedido%20e%20realiza%20o%20pagamento%20direto%20pelo%20site%29.%0A%0APosso%20te%20explicar%20rapidinho%20como%20funciona%20e%20te%20passar%20os%20valores%20sem%20compromisso%3F,"R. Domingos Santi, 28 - Veloso, Osasco - SP, 06152-035",Veloso,Osasco - SP,Churrascaria,4.7,12,Não,https://www.google.com/maps/place/?q=place_id:ChIJTeCEgcD_zpQRF4PwEFH3LIc
90,Churrascaria Tchê - Rio Claro,(19) 99117-2625,https://wa.me/5519991172625?text=Ol%C3%A1%2C%20tudo%20bem%3F%20Meu%20nome%20%C3%A9%20Leonardo%2C%20trabalho%20com%20cria%C3%A7%C3%A3o%20de%20sites%20e%20card%C3%A1pios%20digitais%20para%20churrascarias.%0A%0AEstava%20no%20Google%20Maps%20e%20vi%20que%20a%20Churrascaria%20Tch%C3%AA%20-%20Rio%20Claro%20tem%20uma%20excelente%20avalia%C3%A7%C3%A3o%20%285.0%20%E2%98%85%20com%2010%20avalia%C3%A7%C3%B5es%21%29%2C%20mas%20notei%20que%20voc%C3%AAs%20ainda%20n%C3%A3o%20possuem%20um%20site%20pr%C3%B3prio%20nem%20card%C3%A1pio%20interativo%20na%20bio%20do%20Instagram.%0A%0AHoje%20muitos%20clientes%20pesquisam%20no%20Google%20antes%20de%20sair%20para%20almo%C3%A7ar%20ou%20pedir%20delivery.%20Trabalho%20com%202%20op%C3%A7%C3%B5es%20bem%20pr%C3%A1ticas%20para%20restaurantes%3A%0A%0A1.%20%F0%9F%93%B1%20Card%C3%A1pio%20Digital%20no%20WhatsApp%20%28o%20cliente%20monta%20o%20pedido%20e%20envia%20pronto%20direto%20pro%20seu%20WhatsApp%20-%20op%C3%A7%C3%A3o%20mais%20econ%C3%B4mica%29.%0A2.%20%F0%9F%92%B3%20Site%20Completo%20com%20Pagamento%20Online%20%28o%20cliente%20faz%20o%20pedido%20e%20realiza%20o%20pagamento%20direto%20pelo%20site%29.%0A%0APosso%20te%20explicar%20rapidinho%20como%20funciona%20e%20te%20passar%20os%20valores%20sem%20compromisso%3F,"Av. 1, 427 - Centro, Rio Claro - SP, 13500-401",Centro,Rio Claro - SP,Restaurante,5.0,10,Não,https://www.google.com/maps/place/?q=place_id:ChIJYxyQ5zTbx5QRbzWkP9N7CcA
91,Picanha na Tábua - Episcopal,(16) 99266-1211,https://wa.me/5516992661211?text=Ol%C3%A1%2C%20tudo%20bem%3F%20Meu%20nome%20%C3%A9%20Leonardo%2C%20trabalho%20com%20cria%C3%A7%C3%A3o%20de%20sites%20e%20card%C3%A1pios%20digitais%20para%20churrascarias.%0A%0AEstava%20no%20Google%20Maps%20e%20vi%20que%20a%20Picanha%20na%20T%C3%A1bua%20-%20Episcopal%20tem%20uma%20excelente%20avalia%C3%A7%C3%A3o%20%285.0%20%E2%98%85%20com%209%20avalia%C3%A7%C3%B5es%21%29%2C%20mas%20notei%20que%20voc%C3%AAs%20ainda%20n%C3%A3o%20possuem%20um%20site%20pr%C3%B3prio%20nem%20card%C3%A1pio%20interativo%20na%20bio%20do%20Instagram.%0A%0AHoje%20muitos%20clientes%20pesquisam%20no%20Google%20antes%20de%20sair%20para%20almo%C3%A7ar%20ou%20pedir%20delivery.%20Trabalho%20com%202%20op%C3%A7%C3%B5es%20bem%20pr%C3%A1ticas%20para%20restaurantes%3A%0A%0A1.%20%F0%9F%93%B1%20Card%C3%A1pio%20Digital%20no%20WhatsApp%20%28o%20cliente%20monta%20o%20pedido%20e%20envia%20pronto%20direto%20pro%20seu%20WhatsApp%20-%20op%C3%A7%C3%A3o%20mais%20econ%C3%B4mica%29.%0A2.%20%F0%9F%92%B3%20Site%20Completo%20com%20Pagamento%20Online%20%28o%20cliente%20faz%20o%20pedido%20e%20realiza%20o%20pagamento%20direto%20pelo%20site%29.%0A%0APosso%20te%20explicar%20rapidinho%20como%20funciona%20e%20te%20passar%20os%20valores%20sem%20compromisso%3F,"R. Episcopal, 1476 - Centro, São Carlos - SP, 13560-570",Centro,São Carlos - SP,Churrascaria,5.0,9,Não,https://www.google.com/maps/place/?q=place_id:ChIJhw1sDnR3uJQRWgEdMADqfms
92,Restaurante SABOR E BRASA CHURRASCARIA,(31) 99744-6906,https://wa.me/5531997446906?text=Ol%C3%A1%2C%20tudo%20bem%3F%20Meu%20nome%20%C3%A9%20Leonardo%2C%20trabalho%20com%20cria%C3%A7%C3%A3o%20de%20sites%20e%20card%C3%A1pios%20digitais%20para%20churrascarias.%0A%0AEstava%20no%20Google%20Maps%20e%20vi%20que%20a%20Restaurante%20SABOR%20E%20BRASA%20CHURRASCARIA%20tem%20uma%20excelente%20avalia%C3%A7%C3%A3o%20%285.0%20%E2%98%85%20com%207%20avalia%C3%A7%C3%B5es%21%29%2C%20mas%20notei%20que%20voc%C3%AAs%20ainda%20n%C3%A3o%20possuem%20um%20site%20pr%C3%B3prio%20nem%20card%C3%A1pio%20interativo%20na%20bio%20do%20Instagram.%0A%0AHoje%20muitos%20clientes%20pesquisam%20no%20Google%20antes%20de%20sair%20para%20almo%C3%A7ar%20ou%20pedir%20delivery.%20Trabalho%20com%202%20op%C3%A7%C3%B5es%20bem%20pr%C3%A1ticas%20para%20restaurantes%3A%0A%0A1.%20%F0%9F%93%B1%20Card%C3%A1pio%20Digital%20no%20WhatsApp%20%28o%20cliente%20monta%20o%20pedido%20e%20envia%20pronto%20direto%20pro%20seu%20WhatsApp%20-%20op%C3%A7%C3%A3o%20mais%20econ%C3%B4mica%29.%0A2.%20%F0%9F%92%B3%20Site%20Completo%20com%20Pagamento%20Online%20%28o%20cliente%20faz%20o%20pedido%20e%20realiza%20o%20pagamento%20direto%20pelo%20site%29.%0A%0APosso%20te%20explicar%20rapidinho%20como%20funciona%20e%20te%20passar%20os%20valores%20sem%20compromisso%3F,"R. Batalha - São João, Betim - MG, 32655-574",São João,Betim - MG,Churrascaria,5.0,7,Não,https://www.google.com/maps/place/?q=place_id:ChIJt6S2BgDBpgAR_SSO5ZNGKso
93,Embraza restaurante e galeteria,(21) 97060-5328,https://wa.me/5521970605328?text=Ol%C3%A1%2C%20tudo%20bem%3F%20Meu%20nome%20%C3%A9%20Leonardo%2C%20trabalho%20com%20cria%C3%A7%C3%A3o%20de%20sites%20e%20card%C3%A1pios%20digitais%20para%20churrascarias.%0A%0AEstava%20no%20Google%20Maps%20e%20vi%20que%20a%20Embraza%20restaurante%20e%20galeteria%20tem%20uma%20excelente%20avalia%C3%A7%C3%A3o%20%282.3%20%E2%98%85%20com%206%20avalia%C3%A7%C3%B5es%21%29%2C%20mas%20notei%20que%20voc%C3%AAs%20ainda%20n%C3%A3o%20possuem%20um%20site%20pr%C3%B3prio%20nem%20card%C3%A1pio%20interativo%20na%20bio%20do%20Instagram.%0A%0AHoje%20muitos%20clientes%20pesquisam%20no%20Google%20antes%20de%20sair%20para%20almo%C3%A7ar%20ou%20pedir%20delivery.%20Trabalho%20com%202%20op%C3%A7%C3%B5es%20bem%20pr%C3%A1ticas%20para%20restaurantes%3A%0A%0A1.%20%F0%9F%93%B1%20Card%C3%A1pio%20Digital%20no%20WhatsApp%20%28o%20cliente%20monta%20o%20pedido%20e%20envia%20pronto%20direto%20pro%20seu%20WhatsApp%20-%20op%C3%A7%C3%A3o%20mais%20econ%C3%B4mica%29.%0A2.%20%F0%9F%92%B3%20Site%20Completo%20com%20Pagamento%20Online%20%28o%20cliente%20faz%20o%20pedido%20e%20realiza%20o%20pagamento%20direto%20pelo%20site%29.%0A%0APosso%20te%20explicar%20rapidinho%20como%20funciona%20e%20te%20passar%20os%20valores%20sem%20compromisso%3F,"loja, Av. Vicente de Carvalho, 84 - Vaz Lobo, Rio de Janeiro - RJ, 21371-122",Vaz Lobo,"Av. Vicente de Carvalho, 84 - Vaz Lobo",Restaurante self-service,2.3,6,Não,https://www.google.com/maps/place/?q=place_id:ChIJKbA6H_d9mQARTrdBptRA5eM
94,ShiVal Premium,(11) 96643-7531,https://wa.me/5511966437531?text=Ol%C3%A1%2C%20tudo%20bem%3F%20Meu%20nome%20%C3%A9%20Leonardo%2C%20trabalho%20com%20cria%C3%A7%C3%A3o%20de%20sites%20e%20card%C3%A1pios%20digitais%20para%20churrascarias.%0A%0AEstava%20no%20Google%20Maps%20e%20vi%20que%20a%20ShiVal%20Premium%20tem%20uma%20excelente%20avalia%C3%A7%C3%A3o%20%285.0%20%E2%98%85%20com%204%20avalia%C3%A7%C3%B5es%21%29%2C%20mas%20notei%20que%20voc%C3%AAs%20ainda%20n%C3%A3o%20possuem%20um%20site%20pr%C3%B3prio%20nem%20card%C3%A1pio%20interativo%20na%20bio%20do%20Instagram.%0A%0AHoje%20muitos%20clientes%20pesquisam%20no%20Google%20antes%20de%20sair%20para%20almo%C3%A7ar%20ou%20pedir%20delivery.%20Trabalho%20com%202%20op%C3%A7%C3%B5es%20bem%20pr%C3%A1ticas%20para%20restaurantes%3A%0A%0A1.%20%F0%9F%93%B1%20Card%C3%A1pio%20Digital%20no%20WhatsApp%20%28o%20cliente%20monta%20o%20pedido%20e%20envia%20pronto%20direto%20pro%20seu%20WhatsApp%20-%20op%C3%A7%C3%A3o%20mais%20econ%C3%B4mica%29.%0A2.%20%F0%9F%92%B3%20Site%20Completo%20com%20Pagamento%20Online%20%28o%20cliente%20faz%20o%20pedido%20e%20realiza%20o%20pagamento%20direto%20pelo%20site%29.%0A%0APosso%20te%20explicar%20rapidinho%20como%20funciona%20e%20te%20passar%20os%20valores%20sem%20compromisso%3F,"Av. Pres. Vargas, 299 - Jardim Nova Itapevi, Itapevi - SP, 06694-000",Jardim Nova Itapevi,Itapevi - SP,Churrascaria,5.0,4,Não,https://www.google.com/maps/place/?q=place_id:ChIJ9TXxhEgHz5QRMAJHmOVHvwA
95,Churrascaria gaúcho gente boa,(18) 99790-8386,https://wa.me/5518997908386?text=Ol%C3%A1%2C%20tudo%20bem%3F%20Meu%20nome%20%C3%A9%20Leonardo%2C%20trabalho%20com%20cria%C3%A7%C3%A3o%20de%20sites%20e%20card%C3%A1pios%20digitais%20para%20churrascarias.%0A%0AEstava%20no%20Google%20Maps%20e%20vi%20que%20a%20Churrascaria%20ga%C3%BAcho%20gente%20boa%20tem%20uma%20excelente%20avalia%C3%A7%C3%A3o%20%285.0%20%E2%98%85%20com%203%20avalia%C3%A7%C3%B5es%21%29%2C%20mas%20notei%20que%20voc%C3%AAs%20ainda%20n%C3%A3o%20possuem%20um%20site%20pr%C3%B3prio%20nem%20card%C3%A1pio%20interativo%20na%20bio%20do%20Instagram.%0A%0AHoje%20muitos%20clientes%20pesquisam%20no%20Google%20antes%20de%20sair%20para%20almo%C3%A7ar%20ou%20pedir%20delivery.%20Trabalho%20com%202%20op%C3%A7%C3%B5es%20bem%20pr%C3%A1ticas%20para%20restaurantes%3A%0A%0A1.%20%F0%9F%93%B1%20Card%C3%A1pio%20Digital%20no%20WhatsApp%20%28o%20cliente%20monta%20o%20pedido%20e%20envia%20pronto%20direto%20pro%20seu%20WhatsApp%20-%20op%C3%A7%C3%A3o%20mais%20econ%C3%B4mica%29.%0A2.%20%F0%9F%92%B3%20Site%20Completo%20com%20Pagamento%20Online%20%28o%20cliente%20faz%20o%20pedido%20e%20realiza%20o%20pagamento%20direto%20pelo%20site%29.%0A%0APosso%20te%20explicar%20rapidinho%20como%20funciona%20e%20te%20passar%20os%20valores%20sem%20compromisso%3F,"R. Dr. José Foz, 556 - Centro, Pres. Prudente - SP, 19010-041",Centro,Pres. Prudente - SP,Churrascaria,5.0,3,Não,https://www.google.com/maps/place/?q=place_id:ChIJG3-GNIP1k5QRX3ktwZLtrIM
96,EMBRAZA RESTAURANTE E CHURRASCO,(21) 98548-0830,https://wa.me/5521985480830?text=Ol%C3%A1%2C%20tudo%20bem%3F%20Meu%20nome%20%C3%A9%20Leonardo%2C%20trabalho%20com%20cria%C3%A7%C3%A3o%20de%20sites%20e%20card%C3%A1pios%20digitais%20para%20churrascarias.%0A%0AEstava%20no%20Google%20Maps%20e%20vi%20que%20a%20EMBRAZA%20RESTAURANTE%20E%20CHURRASCO%20tem%20uma%20excelente%20avalia%C3%A7%C3%A3o%20%282.3%20%E2%98%85%20com%203%20avalia%C3%A7%C3%B5es%21%29%2C%20mas%20notei%20que%20voc%C3%AAs%20ainda%20n%C3%A3o%20possuem%20um%20site%20pr%C3%B3prio%20nem%20card%C3%A1pio%20interativo%20na%20bio%20do%20Instagram.%0A%0AHoje%20muitos%20clientes%20pesquisam%20no%20Google%20antes%20de%20sair%20para%20almo%C3%A7ar%20ou%20pedir%20delivery.%20Trabalho%20com%202%20op%C3%A7%C3%B5es%20bem%20pr%C3%A1ticas%20para%20restaurantes%3A%0A%0A1.%20%F0%9F%93%B1%20Card%C3%A1pio%20Digital%20no%20WhatsApp%20%28o%20cliente%20monta%20o%20pedido%20e%20envia%20pronto%20direto%20pro%20seu%20WhatsApp%20-%20op%C3%A7%C3%A3o%20mais%20econ%C3%B4mica%29.%0A2.%20%F0%9F%92%B3%20Site%20Completo%20com%20Pagamento%20Online%20%28o%20cliente%20faz%20o%20pedido%20e%20realiza%20o%20pagamento%20direto%20pelo%20site%29.%0A%0APosso%20te%20explicar%20rapidinho%20como%20funciona%20e%20te%20passar%20os%20valores%20sem%20compromisso%3F,"R. Alves, 10 - Madureira, Rio de Janeiro - RJ, 21360-210",Madureira,Rio de Janeiro - RJ,Restaurante,2.3,3,Não,https://www.google.com/maps/place/?q=place_id:ChIJP3ispQxjmQARfA70pzGPjpU
97,Churrascaria e pizzaria Louzane,(11) 99965-5681,https://wa.me/5511999655681?text=Ol%C3%A1%2C%20tudo%20bem%3F%20Meu%20nome%20%C3%A9%20Leonardo%2C%20trabalho%20com%20cria%C3%A7%C3%A3o%20de%20sites%20e%20card%C3%A1pios%20digitais%20para%20churrascarias.%0A%0AEstava%20no%20Google%20Maps%20e%20vi%20que%20a%20Churrascaria%20e%20pizzaria%20Louzane%20tem%20uma%20excelente%20avalia%C3%A7%C3%A3o%20%285.0%20%E2%98%85%20com%202%20avalia%C3%A7%C3%B5es%21%29%2C%20mas%20notei%20que%20voc%C3%AAs%20ainda%20n%C3%A3o%20possuem%20um%20site%20pr%C3%B3prio%20nem%20card%C3%A1pio%20interativo%20na%20bio%20do%20Instagram.%0A%0AHoje%20muitos%20clientes%20pesquisam%20no%20Google%20antes%20de%20sair%20para%20almo%C3%A7ar%20ou%20pedir%20delivery.%20Trabalho%20com%202%20op%C3%A7%C3%B5es%20bem%20pr%C3%A1ticas%20para%20restaurantes%3A%0A%0A1.%20%F0%9F%93%B1%20Card%C3%A1pio%20Digital%20no%20WhatsApp%20%28o%20cliente%20monta%20o%20pedido%20e%20envia%20pronto%20direto%20pro%20seu%20WhatsApp%20-%20op%C3%A7%C3%A3o%20mais%20econ%C3%B4mica%29.%0A2.%20%F0%9F%92%B3%20Site%20Completo%20com%20Pagamento%20Online%20%28o%20cliente%20faz%20o%20pedido%20e%20realiza%20o%20pagamento%20direto%20pelo%20site%29.%0A%0APosso%20te%20explicar%20rapidinho%20como%20funciona%20e%20te%20passar%20os%20valores%20sem%20compromisso%3F,"Estr. das Acácias, 611 - Vila Menk, Carapicuíba - SP, 06385-023",Vila Menk,Carapicuíba - SP,Restaurante,5.0,2,Não,https://www.google.com/maps/place/?q=place_id:ChIJh_WJwwABz5QRKc2P7XlKjno
98,Ponto da costela,(11) 99935-3127,https://wa.me/5511999353127?text=Ol%C3%A1%2C%20tudo%20bem%3F%20Meu%20nome%20%C3%A9%20Leonardo%2C%20trabalho%20com%20cria%C3%A7%C3%A3o%20de%20sites%20e%20card%C3%A1pios%20digitais%20para%20churrascarias.%0A%0AEstava%20no%20Google%20Maps%20e%20vi%20que%20a%20Ponto%20da%20costela%20tem%20uma%20excelente%20avalia%C3%A7%C3%A3o%20%285.0%20%E2%98%85%20com%201%20avalia%C3%A7%C3%B5es%21%29%2C%20mas%20notei%20que%20voc%C3%AAs%20ainda%20n%C3%A3o%20possuem%20um%20site%20pr%C3%B3prio%20nem%20card%C3%A1pio%20interativo%20na%20bio%20do%20Instagram.%0A%0AHoje%20muitos%20clientes%20pesquisam%20no%20Google%20antes%20de%20sair%20para%20almo%C3%A7ar%20ou%20pedir%20delivery.%20Trabalho%20com%202%20op%C3%A7%C3%B5es%20bem%20pr%C3%A1ticas%20para%20restaurantes%3A%0A%0A1.%20%F0%9F%93%B1%20Card%C3%A1pio%20Digital%20no%20WhatsApp%20%28o%20cliente%20monta%20o%20pedido%20e%20envia%20pronto%20direto%20pro%20seu%20WhatsApp%20-%20op%C3%A7%C3%A3o%20mais%20econ%C3%B4mica%29.%0A2.%20%F0%9F%92%B3%20Site%20Completo%20com%20Pagamento%20Online%20%28o%20cliente%20faz%20o%20pedido%20e%20realiza%20o%20pagamento%20direto%20pelo%20site%29.%0A%0APosso%20te%20explicar%20rapidinho%20como%20funciona%20e%20te%20passar%20os%20valores%20sem%20compromisso%3F,"R. Gen. Newton Estilac Leal, 1328 - Km 18, Osasco - SP, 06180-000",Km 18,Osasco - SP,Área para churrasco,5.0,1,Não,https://www.google.com/maps/place/?q=place_id:ChIJ5QRnohX_zpQRuVxmZmYJtLY
99,Gordinho Churrascos e Assados,(11) 97388-0434,https://wa.me/5511973880434?text=Ol%C3%A1%2C%20tudo%20bem%3F%20Meu%20nome%20%C3%A9%20Leonardo%2C%20trabalho%20com%20cria%C3%A7%C3%A3o%20de%20sites%20e%20card%C3%A1pios%20digitais%20para%20churrascarias.%0A%0AEstava%20no%20Google%20Maps%20e%20vi%20que%20a%20Gordinho%20Churrascos%20e%20Assados%20tem%20uma%20excelente%20avalia%C3%A7%C3%A3o%20%285.0%20%E2%98%85%20com%201%20avalia%C3%A7%C3%B5es%21%29%2C%20mas%20notei%20que%20voc%C3%AAs%20ainda%20n%C3%A3o%20possuem%20um%20site%20pr%C3%B3prio%20nem%20card%C3%A1pio%20interativo%20na%20bio%20do%20Instagram.%0A%0AHoje%20muitos%20clientes%20pesquisam%20no%20Google%20antes%20de%20sair%20para%20almo%C3%A7ar%20ou%20pedir%20delivery.%20Trabalho%20com%202%20op%C3%A7%C3%B5es%20bem%20pr%C3%A1ticas%20para%20restaurantes%3A%0A%0A1.%20%F0%9F%93%B1%20Card%C3%A1pio%20Digital%20no%20WhatsApp%20%28o%20cliente%20monta%20o%20pedido%20e%20envia%20pronto%20direto%20pro%20seu%20WhatsApp%20-%20op%C3%A7%C3%A3o%20mais%20econ%C3%B4mica%29.%0A2.%20%F0%9F%92%B3%20Site%20Completo%20com%20Pagamento%20Online%20%28o%20cliente%20faz%20o%20pedido%20e%20realiza%20o%20pagamento%20direto%20pelo%20site%29.%0A%0APosso%20te%20explicar%20rapidinho%20como%20funciona%20e%20te%20passar%20os%20valores%20sem%20compromisso%3F,"Av. Carolina de Abreu Paulino, 50 - Vila Sao Francisco, Itapevi - SP, 06654-140",Vila Sao Francisco,Itapevi - SP,Churrascaria,5.0,1,Não,https://www.google.com/maps/place/?q=place_id:ChIJmajGLBcHz5QRP-SeeBgD6Ls
100,Churrasco do gaúcho,(11) 94505-5890,https://wa.me/5511945055890?text=Ol%C3%A1%2C%20tudo%20bem%3F%20Meu%20nome%20%C3%A9%20Leonardo%2C%20trabalho%20com%20cria%C3%A7%C3%A3o%20de%20sites%20e%20card%C3%A1pios%20digitais%20para%20churrascarias.%0A%0AEstava%20no%20Google%20Maps%20e%20vi%20que%20a%20Churrasco%20do%20ga%C3%BAcho%20tem%20uma%20excelente%20avalia%C3%A7%C3%A3o%20%28Sem%20avalia%C3%A7%C3%A3o%20%E2%98%85%20com%200%20avalia%C3%A7%C3%B5es%21%29%2C%20mas%20notei%20que%20voc%C3%AAs%20ainda%20n%C3%A3o%20possuem%20um%20site%20pr%C3%B3prio%20nem%20card%C3%A1pio%20interativo%20na%20bio%20do%20Instagram.%0A%0AHoje%20muitos%20clientes%20pesquisam%20no%20Google%20antes%20de%20sair%20para%20almo%C3%A7ar%20ou%20pedir%20delivery.%20Trabalho%20com%202%20op%C3%A7%C3%B5es%20bem%20pr%C3%A1ticas%20para%20restaurantes%3A%0A%0A1.%20%F0%9F%93%B1%20Card%C3%A1pio%20Digital%20no%20WhatsApp%20%28o%20cliente%20monta%20o%20pedido%20e%20envia%20pronto%20direto%20pro%20seu%20WhatsApp%20-%20op%C3%A7%C3%A3o%20mais%20econ%C3%B4mica%29.%0A2.%20%F0%9F%92%B3%20Site%20Completo%20com%20Pagamento%20Online%20%28o%20cliente%20faz%20o%20pedido%20e%20realiza%20o%20pagamento%20direto%20pelo%20site%29.%0A%0APosso%20te%20explicar%20rapidinho%20como%20funciona%20e%20te%20passar%20os%20valores%20sem%20compromisso%3F,"R. Silvério Píres, 1321 - Conj. Hab. Pres. Castelo Branco, Carapicuíba - SP, 06327-165",Conjunto Habitacional Presidente Castelo Branco,Carapicuíba - SP,Restaurante,Sem avaliação,0,Não,https://www.google.com/maps/place/?q=place_id:ChIJg45JaZv_zpQRNja1N3gxk7c
